Fecha,Anio,Mes,Trimestre,Decada,Temperatura_Pacifico_C,Temperatura_Ajustada_C,Anomalia_C,Anomalia_Trimestral_C,Anomalia_Trimestral_Round,Anomalia_12m,Anomalia_Delta,Fase_Trimestral,Fase_Evento,Intensidad_Evento,Duracion_Meses,Evento_Extremo
1950-01-01,1950,1,1,1950s,24.56,26.18,-1.62,-1.336666666666667,-1.3,,,La Nina,La Nina,Fuerte,6,1
1950-02-01,1950,2,1,1950s,25.07,26.39,-1.32,-1.1666666666666667,-1.2,,0.3,La Nina,La Nina,Moderado,6,0
1950-03-01,1950,3,1,1950s,25.88,26.95,-1.07,-1.1833333333333331,-1.2,,0.25,La Nina,La Nina,Moderado,6,0
1950-04-01,1950,4,2,1950s,26.29,27.39,-1.11,-1.0733333333333337,-1.1,,-0.04,La Nina,La Nina,Moderado,6,0
1950-05-01,1950,5,2,1950s,26.19,27.56,-1.37,-0.8500000000000001,-0.8,,-0.26,La Nina,La Nina,Moderado,6,0
1950-06-01,1950,6,2,1950s,26.47,27.21,-0.74,-0.5333333333333333,-0.5,-1.205,0.63,La Nina,La Nina,Debil,6,0
1950-07-01,1950,7,3,1950s,26.28,26.72,-0.44,-0.4233333333333333,-0.4,-1.096,0.3,Neutral,Neutral,Neutral,10,0
1950-08-01,1950,8,3,1950s,25.88,26.3,-0.42,-0.3833333333333333,-0.4,-1.011,0.02,Neutral,Neutral,Neutral,10,0
1950-09-01,1950,9,3,1950s,25.73,26.14,-0.41,-0.4433333333333333,-0.4,-0.944,0.01,Neutral,Neutral,Neutral,10,0
1950-10-01,1950,10,4,1950s,25.68,26.01,-0.32,-0.6,-0.6,-0.882,0.09,La Nina,Neutral,Neutral,10,0
1950-11-01,1950,11,4,1950s,25.46,26.06,-0.6,-0.7999999999999999,-0.8,-0.856,-0.28,La Nina,Neutral,Neutral,10,0
1950-12-01,1950,12,4,1950s,25.29,26.18,-0.88,-0.82,-0.8,-0.858,-0.28,La Nina,Neutral,Neutral,10,0
1951-01-01,1951,1,1,1950s,25.26,26.18,-0.92,-0.54,-0.5,-0.8,-0.04,La Nina,Neutral,Neutral,10,0
1951-02-01,1951,2,1,1950s,25.72,26.39,-0.66,-0.1666666666666666,-0.2,-0.745,0.26,Neutral,Neutral,Neutral,10,0
1951-03-01,1951,3,1,1950s,26.91,26.95,-0.04,0.1766666666666666,0.2,-0.659,0.62,Neutral,Neutral,Neutral,10,0
1951-04-01,1951,4,2,1950s,27.59,27.39,0.2,0.3633333333333333,0.4,-0.55,0.24,Neutral,Neutral,Neutral,10,0
1951-05-01,1951,5,2,1950s,27.93,27.56,0.37,0.5866666666666667,0.6,-0.405,0.17,El Nino,El Nino,Debil,8,0
1951-06-01,1951,6,2,1950s,27.73,27.21,0.52,0.7000000000000001,0.7,-0.3,0.15,El Nino,El Nino,Debil,8,0
1951-07-01,1951,7,3,1950s,27.59,26.72,0.87,0.8866666666666667,0.9,-0.191,0.35,El Nino,El Nino,Debil,8,0
1951-08-01,1951,8,3,1950s,27.01,26.3,0.71,0.9933333333333332,1.0,-0.097,-0.16,El Nino,El Nino,Debil,8,0
1951-09-01,1951,9,3,1950s,27.22,26.14,1.08,1.153333333333333,1.2,0.028,0.37,El Nino,El Nino,Moderado,8,0
1951-10-01,1951,10,4,1950s,27.2,26.01,1.19,1.04,1.0,0.153,0.11,El Nino,El Nino,Moderado,8,0
1951-11-01,1951,11,4,1950s,27.25,26.06,1.19,0.8066666666666666,0.8,0.302,0.0,El Nino,El Nino,Moderado,8,0
1951-12-01,1951,12,4,1950s,26.92,26.18,0.74,0.5333333333333333,0.5,0.438,-0.45,El Nino,El Nino,Debil,8,0
1952-01-01,1952,1,1,1950s,26.67,26.18,0.49,0.3666666666666667,0.4,0.555,-0.25,Neutral,Neutral,Neutral,12,0
1952-02-01,1952,2,1,1950s,26.75,26.39,0.37,0.3433333333333333,0.3,0.641,-0.12,Neutral,Neutral,Neutral,12,0
1952-03-01,1952,3,1,1950s,27.19,26.95,0.24,0.2966666666666667,0.3,0.664,-0.13,Neutral,Neutral,Neutral,12,0
1952-04-01,1952,4,2,1950s,27.81,27.39,0.42,0.2066666666666666,0.2,0.682,0.18,Neutral,Neutral,Neutral,12,0
1952-05-01,1952,5,2,1950s,27.79,27.56,0.23,0.0,0.0,0.671,-0.19,Neutral,Neutral,Neutral,12,0
1952-06-01,1952,6,2,1950s,27.18,27.21,-0.03,-0.0766666666666666,-0.1,0.625,-0.26,Neutral,Neutral,Neutral,12,0
1952-07-01,1952,7,3,1950s,26.52,26.72,-0.2,0.0033333333333333,0.0,0.536,-0.17,Neutral,Neutral,Neutral,12,0
1952-08-01,1952,8,3,1950s,26.3,26.3,-0.0,0.1533333333333333,0.2,0.477,0.2,Neutral,Neutral,Neutral,12,0
1952-09-01,1952,9,3,1950s,26.35,26.14,0.21,0.1066666666666666,0.1,0.404,0.21,Neutral,Neutral,Neutral,12,0
1952-10-01,1952,10,4,1950s,26.25,26.01,0.25,0.0466666666666666,0.0,0.326,0.04,Neutral,Neutral,Neutral,12,0
1952-11-01,1952,11,4,1950s,25.92,26.06,-0.14,0.15,0.2,0.215,-0.39,Neutral,Neutral,Neutral,12,0
1952-12-01,1952,12,4,1950s,26.21,26.18,0.03,0.4000000000000001,0.4,0.156,0.17,Neutral,Neutral,Neutral,12,0
1953-01-01,1953,1,1,1950s,26.74,26.18,0.56,0.5966666666666667,0.6,0.162,0.53,El Nino,El Nino,Debil,13,0
1953-02-01,1953,2,1,1950s,27.0,26.39,0.61,0.6233333333333334,0.6,0.182,0.05,El Nino,El Nino,Debil,13,0
1953-03-01,1953,3,1,1950s,27.57,26.95,0.62,0.6566666666666667,0.7,0.213,0.01,El Nino,El Nino,Debil,13,0
1953-04-01,1953,4,2,1950s,28.03,27.39,0.64,0.75,0.8,0.232,0.02,El Nino,El Nino,Debil,13,0
1953-05-01,1953,5,2,1950s,28.28,27.56,0.71,0.7699999999999999,0.8,0.272,0.07,El Nino,El Nino,Debil,13,0
1953-06-01,1953,6,2,1950s,28.12,27.21,0.9,0.7433333333333333,0.7,0.349,0.19,El Nino,El Nino,Debil,13,0
1953-07-01,1953,7,3,1950s,27.42,26.72,0.7,0.7266666666666666,0.7,0.424,-0.2,El Nino,El Nino,Debil,13,0
1953-08-01,1953,8,3,1950s,26.93,26.3,0.63,0.7799999999999999,0.8,0.477,-0.07,El Nino,El Nino,Debil,13,0
1953-09-01,1953,9,3,1950s,27.0,26.14,0.85,0.8433333333333334,0.8,0.53,0.22,El Nino,El Nino,Debil,13,0
1953-10-01,1953,10,4,1950s,26.87,26.01,0.86,0.8366666666666666,0.8,0.581,0.01,El Nino,El Nino,Debil,13,0
1953-11-01,1953,11,4,1950s,26.88,26.06,0.82,0.8166666666666668,0.8,0.661,-0.04,El Nino,El Nino,Debil,13,0
1953-12-01,1953,12,4,1950s,27.01,26.18,0.83,0.7566666666666667,0.8,0.728,0.01,El Nino,El Nino,Debil,13,0
1954-01-01,1954,1,1,1950s,26.98,26.18,0.8,0.4666666666666666,0.5,0.747,-0.03,El Nino,El Nino,Debil,13,0
1954-02-01,1954,2,1,1950s,27.03,26.39,0.64,-0.0466666666666666,-0.0,0.75,-0.16,Neutral,Neutral,Neutral,2,0
1954-03-01,1954,3,1,1950s,26.91,26.95,-0.04,-0.41,-0.4,0.695,-0.68,Neutral,Neutral,Neutral,2,0
1954-04-01,1954,4,2,1950s,26.65,27.39,-0.74,-0.5366666666666666,-0.5,0.58,-0.7,La Nina,La Nina,Debil,29,0
1954-05-01,1954,5,2,1950s,27.11,27.56,-0.45,-0.4966666666666666,-0.5,0.483,0.29,La Nina,La Nina,Debil,29,0
1954-06-01,1954,6,2,1950s,26.79,27.21,-0.42,-0.64,-0.6,0.373,0.03,La Nina,La Nina,Debil,29,0
1954-07-01,1954,7,3,1950s,26.1,26.72,-0.62,-0.8433333333333334,-0.8,0.263,-0.2,La Nina,La Nina,Debil,29,0
1954-08-01,1954,8,3,1950s,25.42,26.3,-0.88,-0.8966666666666668,-0.9,0.137,-0.26,La Nina,La Nina,Debil,29,0
1954-09-01,1954,9,3,1950s,25.11,26.14,-1.03,-0.7700000000000001,-0.8,-0.019,-0.15,La Nina,La Nina,Moderado,29,0
1954-10-01,1954,10,4,1950s,25.22,26.01,-0.78,-0.73,-0.7,-0.156,0.25,La Nina,La Nina,Debil,29,0
1954-11-01,1954,11,4,1950s,25.56,26.06,-0.5,-0.6566666666666667,-0.7,-0.266,0.28,La Nina,La Nina,Debil,29,0
1954-12-01,1954,12,4,1950s,25.26,26.18,-0.91,-0.68,-0.7,-0.411,-0.41,La Nina,La Nina,Debil,29,0
1955-01-01,1955,1,1,1950s,25.62,26.18,-0.56,-0.6166666666666666,-0.6,-0.524,0.35,La Nina,La Nina,Debil,29,0
1955-02-01,1955,2,1,1950s,25.82,26.39,-0.57,-0.6900000000000001,-0.7,-0.625,-0.01,La Nina,La Nina,Debil,29,0
1955-03-01,1955,3,1,1950s,26.23,26.95,-0.72,-0.8033333333333333,-0.8,-0.682,-0.15,La Nina,La Nina,Debil,29,0
1955-04-01,1955,4,2,1950s,26.61,27.39,-0.78,-0.7866666666666667,-0.8,-0.685,-0.06,La Nina,La Nina,Debil,29,0
1955-05-01,1955,5,2,1950s,26.65,27.56,-0.91,-0.7200000000000001,-0.7,-0.723,-0.13,La Nina,La Nina,Debil,29,0
1955-06-01,1955,6,2,1950s,26.54,27.21,-0.67,-0.6833333333333332,-0.7,-0.744,0.24,La Nina,La Nina,Debil,29,0
1955-07-01,1955,7,3,1950s,26.14,26.72,-0.58,-0.75,-0.8,-0.741,0.09,La Nina,La Nina,Debil,29,0
1955-08-01,1955,8,3,1950s,25.5,26.3,-0.8,-1.09,-1.1,-0.734,-0.22,La Nina,La Nina,Debil,29,0
1955-09-01,1955,9,3,1950s,25.28,26.14,-0.87,-1.4266666666666667,-1.4,-0.721,-0.07,La Nina,La Nina,Debil,29,0
1955-10-01,1955,10,4,1950s,24.41,26.01,-1.6,-1.6733333333333336,-1.7,-0.789,-0.73,La Nina,La Nina,Fuerte,29,1
1955-11-01,1955,11,4,1950s,24.25,26.06,-1.81,-1.47,-1.5,-0.898,-0.21,La Nina,La Nina,Fuerte,29,1
1955-12-01,1955,12,4,1950s,24.57,26.18,-1.61,-1.1133333333333333,-1.1,-0.957,0.2,La Nina,La Nina,Fuerte,29,1
1956-01-01,1956,1,1,1950s,25.34,26.33,-0.99,-0.7566666666666667,-0.8,-0.992,0.62,La Nina,La Nina,Debil,29,0
1956-02-01,1956,2,1,1950s,25.77,26.51,-0.74,-0.6266666666666666,-0.6,-1.007,0.25,La Nina,La Nina,Debil,29,0
1956-03-01,1956,3,1,1950s,26.47,27.01,-0.54,-0.5333333333333333,-0.5,-0.992,0.2,La Nina,La Nina,Debil,29,0
1956-04-01,1956,4,2,1950s,26.86,27.46,-0.6,-0.5133333333333333,-0.5,-0.977,-0.06,La Nina,La Nina,Debil,29,0
1956-05-01,1956,5,2,1950s,27.13,27.59,-0.46,-0.5066666666666667,-0.5,-0.939,0.14,La Nina,La Nina,Debil,29,0
1956-06-01,1956,6,2,1950s,26.81,27.29,-0.48,-0.57,-0.6,-0.923,-0.02,La Nina,La Nina,Debil,29,0
1956-07-01,1956,7,3,1950s,26.22,26.8,-0.58,-0.5533333333333333,-0.6,-0.923,-0.1,La Nina,La Nina,Debil,29,0
1956-08-01,1956,8,3,1950s,25.67,26.32,-0.65,-0.4566666666666666,-0.5,-0.911,-0.07,La Nina,La Nina,Debil,29,0
1956-09-01,1956,9,3,1950s,25.72,26.15,-0.43,-0.4199999999999999,-0.4,-0.874,0.22,Neutral,Neutral,Neutral,6,0
1956-10-01,1956,10,4,1950s,25.74,26.03,-0.29,-0.4333333333333333,-0.4,-0.765,0.14,Neutral,Neutral,Neutral,6,0
1956-11-01,1956,11,4,1950s,25.56,26.1,-0.54,-0.4333333333333333,-0.4,-0.659,-0.25,Neutral,Neutral,Neutral,6,0
1956-12-01,1956,12,4,1950s,25.71,26.18,-0.47,-0.2466666666666666,-0.2,-0.564,0.07,Neutral,Neutral,Neutral,6,0
1957-01-01,1957,1,1,1950s,26.04,26.33,-0.29,0.06,0.1,-0.506,0.18,Neutral,Neutral,Neutral,6,0
1957-02-01,1957,2,1,1950s,26.54,26.51,0.02,0.4133333333333334,0.4,-0.443,0.31,Neutral,Neutral,Neutral,6,0
1957-03-01,1957,3,1,1950s,27.46,27.01,0.45,0.7200000000000001,0.7,-0.36,0.43,El Nino,El Nino,Debil,16,0
1957-04-01,1957,4,2,1950s,28.23,27.46,0.77,0.92,0.9,-0.246,0.32,El Nino,El Nino,Debil,16,0
1957-05-01,1957,5,2,1950s,28.54,27.59,0.94,1.11,1.1,-0.129,0.17,El Nino,El Nino,Debil,16,0
1957-06-01,1957,6,2,1950s,28.35,27.29,1.05,1.2500000000000002,1.3,-0.002,0.11,El Nino,El Nino,Moderado,16,0
1957-07-01,1957,7,3,1950s,28.15,26.8,1.34,1.3233333333333337,1.3,0.158,0.29,El Nino,El Nino,Moderado,16,0
1957-08-01,1957,8,3,1950s,27.68,26.32,1.36,1.3333333333333333,1.3,0.326,0.02,El Nino,El Nino,Moderado,16,0
1957-09-01,1957,9,3,1950s,27.42,26.15,1.27,1.3866666666666667,1.4,0.468,-0.09,El Nino,El Nino,Moderado,16,0
1957-10-01,1957,10,4,1950s,27.41,26.03,1.37,1.5333333333333334,1.5,0.606,0.1,El Nino,El Nino,Moderado,16,0
1957-11-01,1957,11,4,1950s,27.62,26.1,1.52,1.736666666666667,1.7,0.778,0.15,El Nino,El Nino,Fuerte,16,1
1957-12-01,1957,12,4,1950s,27.89,26.18,1.71,1.8033333333333332,1.8,0.959,0.19,El Nino,El Nino,Fuerte,16,1
1958-01-01,1958,1,1,1950s,28.32,26.33,1.98,1.653333333333333,1.7,1.148,0.27,El Nino,El Nino,Fuerte,16,1
1958-02-01,1958,2,1,1950s,28.24,26.51,1.72,1.2633333333333334,1.3,1.29,-0.26,El Nino,El Nino,Fuerte,16,1
1958-03-01,1958,3,1,1950s,28.27,27.01,1.26,0.9266666666666667,0.9,1.358,-0.46,El Nino,El Nino,Moderado,16,0
1958-04-01,1958,4,2,1950s,28.28,27.46,0.81,0.7366666666666667,0.7,1.361,-0.45,El Nino,El Nino,Debil,16,0
1958-05-01,1958,5,2,1950s,28.3,27.59,0.71,0.6366666666666667,0.6,1.342,-0.1,El Nino,El Nino,Debil,16,0
1958-06-01,1958,6,2,1950s,27.98,27.29,0.69,0.5733333333333334,0.6,1.312,-0.02,El Nino,El Nino,Debil,16,0
1958-07-01,1958,7,3,1950s,27.31,26.8,0.51,0.4266666666666667,0.4,1.242,-0.18,Neutral,Neutral,Neutral,3,0
1958-08-01,1958,8,3,1950s,26.84,26.32,0.52,0.3933333333333333,0.4,1.172,0.01,Neutral,Neutral,Neutral,3,0
1958-09-01,1958,9,3,1950s,26.4,26.15,0.25,0.4366666666666667,0.4,1.088,-0.27,Neutral,Neutral,Neutral,3,0
1958-10-01,1958,10,4,1950s,26.45,26.03,0.41,0.5000000000000001,0.5,1.008,0.16,El Nino,El Nino,Debil,5,0
1958-11-01,1958,11,4,1950s,26.75,26.1,0.65,0.6100000000000001,0.6,0.935,0.24,El Nino,El Nino,Debil,5,0
1958-12-01,1958,12,4,1950s,26.61,26.18,0.44,0.6166666666666667,0.6,0.829,-0.21,El Nino,El Nino,Debil,5,0
1959-01-01,1959,1,1,1950s,27.07,26.33,0.74,0.6233333333333334,0.6,0.726,0.3,El Nino,El Nino,Debil,5,0
1959-02-01,1959,2,1,1950s,27.18,26.51,0.67,0.5166666666666667,0.5,0.638,-0.07,El Nino,El Nino,Debil,5,0
1959-03-01,1959,3,1,1950s,27.47,27.01,0.46,0.3266666666666667,0.3,0.572,-0.21,Neutral,Neutral,Neutral,50,0
1959-04-01,1959,4,2,1950s,27.88,27.46,0.42,0.1966666666666667,0.2,0.539,-0.04,Neutral,Neutral,Neutral,50,0
1959-05-01,1959,5,2,1950s,27.69,27.59,0.1,-0.0666666666666665,-0.1,0.488,-0.32,Neutral,Neutral,Neutral,50,0
1959-06-01,1959,6,2,1950s,27.36,27.29,0.07,-0.1799999999999999,-0.2,0.437,-0.03,Neutral,Neutral,Neutral,50,0
1959-07-01,1959,7,3,1950s,26.43,26.8,-0.37,-0.2799999999999999,-0.3,0.363,-0.44,Neutral,Neutral,Neutral,50,0
1959-08-01,1959,8,3,1950s,26.09,26.32,-0.24,-0.0899999999999999,-0.1,0.3,0.13,Neutral,Neutral,Neutral,50,0
1959-09-01,1959,9,3,1950s,25.92,26.15,-0.23,-0.0299999999999999,-0.0,0.26,0.01,Neutral,Neutral,Neutral,50,0
1959-10-01,1959,10,4,1950s,26.24,26.03,0.2,0.0466666666666667,0.0,0.243,0.43,Neutral,Neutral,Neutral,50,0
1959-11-01,1959,11,4,1950s,26.04,26.1,-0.06,-0.0433333333333332,-0.0,0.183,-0.26,Neutral,Neutral,Neutral,50,0
1959-12-01,1959,12,4,1950s,26.18,26.18,0.0,-0.0966666666666666,-0.1,0.147,0.06,Neutral,Neutral,Neutral,50,0
1960-01-01,1960,1,1,1960s,26.26,26.33,-0.07,-0.1033333333333332,-0.1,0.079,-0.07,Neutral,Neutral,Neutral,50,0
1960-02-01,1960,2,1,1960s,26.29,26.51,-0.22,-0.0699999999999999,-0.1,0.005,-0.15,Neutral,Neutral,Neutral,50,0
1960-03-01,1960,3,1,1960s,26.99,27.01,-0.02,0.03,0.0,-0.035,0.2,Neutral,Neutral,Neutral,50,0
1960-04-01,1960,4,2,1960s,27.49,27.46,0.03,0.0166666666666667,0.0,-0.067,0.05,Neutral,Neutral,Neutral,50,0
1960-05-01,1960,5,2,1960s,27.68,27.59,0.08,0.03,0.0,-0.069,0.05,Neutral,Neutral,Neutral,50,0
1960-06-01,1960,6,2,1960s,27.23,27.29,-0.06,0.1233333333333334,0.1,-0.08,-0.14,Neutral,Neutral,Neutral,50,0
1960-07-01,1960,7,3,1960s,26.87,26.8,0.07,0.2366666666666667,0.2,-0.043,0.13,Neutral,Neutral,Neutral,50,0
1960-08-01,1960,8,3,1960s,26.69,26.32,0.36,0.2733333333333334,0.3,0.007,0.29,Neutral,Neutral,Neutral,50,0
1960-09-01,1960,9,3,1960s,26.43,26.15,0.28,0.2033333333333334,0.2,0.049,-0.08,Neutral,Neutral,Neutral,50,0
1960-10-01,1960,10,4,1960s,26.21,26.03,0.18,0.1233333333333334,0.1,0.048,-0.1,Neutral,Neutral,Neutral,50,0
1960-11-01,1960,11,4,1960s,26.25,26.1,0.15,0.05,0.1,0.065,-0.03,Neutral,Neutral,Neutral,50,0
1960-12-01,1960,12,4,1960s,26.22,26.18,0.04,0.0333333333333334,0.0,0.068,-0.11,Neutral,Neutral,Neutral,50,0
1961-01-01,1961,1,1,1960s,26.23,26.27,-0.04,0.0266666666666667,0.0,0.071,-0.08,Neutral,Neutral,Neutral,50,0
1961-02-01,1961,2,1,1960s,26.56,26.45,0.1,0.04,0.0,0.097,0.14,Neutral,Neutral,Neutral,50,0
1961-03-01,1961,3,1,1960s,26.94,26.92,0.02,0.0933333333333334,0.1,0.101,-0.08,Neutral,Neutral,Neutral,50,0
1961-04-01,1961,4,2,1960s,27.37,27.37,-0.0,0.2333333333333334,0.2,0.098,-0.02,Neutral,Neutral,Neutral,50,0
1961-05-01,1961,5,2,1960s,27.75,27.49,0.26,0.2700000000000001,0.3,0.113,0.26,Neutral,Neutral,Neutral,50,0
1961-06-01,1961,6,2,1960s,27.66,27.22,0.44,0.1433333333333334,0.1,0.155,0.18,Neutral,Neutral,Neutral,50,0
1961-07-01,1961,7,3,1960s,26.87,26.76,0.11,-0.1299999999999999,-0.1,0.158,-0.33,Neutral,Neutral,Neutral,50,0
1961-08-01,1961,8,3,1960s,26.18,26.3,-0.12,-0.2933333333333333,-0.3,0.118,-0.23,Neutral,Neutral,Neutral,50,0
1961-09-01,1961,9,3,1960s,25.78,26.16,-0.38,-0.2566666666666666,-0.3,0.063,-0.26,Neutral,Neutral,Neutral,50,0
1961-10-01,1961,10,4,1960s,25.7,26.09,-0.38,-0.1833333333333332,-0.2,0.017,0.0,Neutral,Neutral,Neutral,50,0
1961-11-01,1961,11,4,1960s,26.07,26.08,-0.01,-0.1566666666666666,-0.2,0.003,0.37,Neutral,Neutral,Neutral,50,0
1961-12-01,1961,12,4,1960s,25.98,26.14,-0.16,-0.2399999999999999,-0.2,-0.013,-0.15,Neutral,Neutral,Neutral,50,0
1962-01-01,1962,1,1,1960s,25.96,26.27,-0.3,-0.2233333333333332,-0.2,-0.035,-0.14,Neutral,Neutral,Neutral,50,0
1962-02-01,1962,2,1,1960s,26.2,26.45,-0.26,-0.2033333333333332,-0.2,-0.065,0.04,Neutral,Neutral,Neutral,50,0
1962-03-01,1962,3,1,1960s,26.81,26.92,-0.11,-0.2633333333333332,-0.3,-0.076,0.15,Neutral,Neutral,Neutral,50,0
1962-04-01,1962,4,2,1960s,27.13,27.37,-0.24,-0.2733333333333332,-0.3,-0.096,-0.13,Neutral,Neutral,Neutral,50,0
1962-05-01,1962,5,2,1960s,27.05,27.49,-0.44,-0.1933333333333332,-0.2,-0.154,-0.2,Neutral,Neutral,Neutral,50,0
1962-06-01,1962,6,2,1960s,27.08,27.22,-0.14,-0.0399999999999999,-0.0,-0.202,0.3,Neutral,Neutral,Neutral,50,0
1962-07-01,1962,7,3,1960s,26.75,26.76,-0.0,-0.0699999999999999,-0.1,-0.212,0.14,Neutral,Neutral,Neutral,50,0
1962-08-01,1962,8,3,1960s,26.32,26.3,0.02,-0.1099999999999999,-0.1,-0.2,0.02,Neutral,Neutral,Neutral,50,0
1962-09-01,1962,9,3,1960s,25.93,26.16,-0.23,-0.2233333333333332,-0.2,-0.188,-0.25,Neutral,Neutral,Neutral,50,0
1962-10-01,1962,10,4,1960s,25.96,26.09,-0.12,-0.3033333333333332,-0.3,-0.166,0.11,Neutral,Neutral,Neutral,50,0
1962-11-01,1962,11,4,1960s,25.75,26.08,-0.32,-0.4299999999999999,-0.4,-0.192,-0.2,Neutral,Neutral,Neutral,50,0
1962-12-01,1962,12,4,1960s,25.67,26.14,-0.47,-0.3999999999999999,-0.4,-0.218,-0.15,Neutral,Neutral,Neutral,50,0
1963-01-01,1963,1,1,1960s,25.77,26.27,-0.5,-0.1566666666666665,-0.2,-0.234,-0.03,Neutral,Neutral,Neutral,50,0
1963-02-01,1963,2,1,1960s,26.23,26.45,-0.23,0.1466666666666667,0.1,-0.232,0.27,Neutral,Neutral,Neutral,50,0
1963-03-01,1963,3,1,1960s,27.18,26.92,0.26,0.2700000000000001,0.3,-0.201,0.49,Neutral,Neutral,Neutral,50,0
1963-04-01,1963,4,2,1960s,27.79,27.37,0.41,0.3133333333333334,0.3,-0.147,0.15,Neutral,Neutral,Neutral,50,0
1963-05-01,1963,5,2,1960s,27.63,27.49,0.14,0.5166666666666667,0.5,-0.098,-0.27,El Nino,El Nino,Debil,9,0
1963-06-01,1963,6,2,1960s,27.61,27.22,0.39,0.86,0.9,-0.054,0.25,El Nino,El Nino,Debil,9,0
1963-07-01,1963,7,3,1960s,27.77,26.76,1.02,1.14,1.1,0.031,0.63,El Nino,El Nino,Moderado,9,0
1963-08-01,1963,8,3,1960s,27.47,26.3,1.17,1.22,1.2,0.127,0.15,El Nino,El Nino,Moderado,9,0
1963-09-01,1963,9,3,1960s,27.39,26.16,1.23,1.2933333333333332,1.3,0.248,0.06,El Nino,El Nino,Moderado,9,0
1963-10-01,1963,10,4,1960s,27.35,26.09,1.26,1.3733333333333333,1.4,0.363,0.03,El Nino,El Nino,Moderado,9,0
1963-11-01,1963,11,4,1960s,27.46,26.08,1.39,1.3066666666666669,1.3,0.506,0.13,El Nino,El Nino,Moderado,9,0
1963-12-01,1963,12,4,1960s,27.61,26.14,1.47,1.07,1.1,0.668,0.08,El Nino,El Nino,Moderado,9,0
1964-01-01,1964,1,1,1960s,27.33,26.27,1.06,0.6133333333333334,0.6,0.798,-0.41,El Nino,El Nino,Moderado,9,0
1964-02-01,1964,2,1,1960s,27.13,26.45,0.68,0.1200000000000001,0.1,0.873,-0.38,Neutral,Neutral,Neutral,2,0
1964-03-01,1964,3,1,1960s,27.02,26.92,0.1,-0.3299999999999999,-0.3,0.86,-0.58,Neutral,Neutral,Neutral,2,0
1964-04-01,1964,4,2,1960s,26.95,27.37,-0.42,-0.5766666666666667,-0.6,0.791,-0.52,La Nina,La Nina,Debil,9,0
1964-05-01,1964,5,2,1960s,26.82,27.49,-0.67,-0.58,-0.6,0.723,-0.25,La Nina,La Nina,Debil,9,0
1964-06-01,1964,6,2,1960s,26.58,27.22,-0.64,-0.5966666666666666,-0.6,0.638,0.03,La Nina,La Nina,Debil,9,0
1964-07-01,1964,7,3,1960s,26.33,26.76,-0.43,-0.6633333333333332,-0.7,0.517,0.21,La Nina,La Nina,Debil,9,0
1964-08-01,1964,8,3,1960s,25.59,26.3,-0.72,-0.7633333333333332,-0.8,0.359,-0.29,La Nina,La Nina,Debil,9,0
1964-09-01,1964,9,3,1960s,25.32,26.16,-0.84,-0.7966666666666665,-0.8,0.187,-0.12,La Nina,La Nina,Debil,9,0
1964-10-01,1964,10,4,1960s,25.36,26.09,-0.73,-0.8233333333333333,-0.8,0.021,0.11,La Nina,La Nina,Debil,9,0
1964-11-01,1964,11,4,1960s,25.26,26.08,-0.82,-0.7833333333333332,-0.8,-0.163,-0.09,La Nina,La Nina,Debil,9,0
1964-12-01,1964,12,4,1960s,25.22,26.14,-0.92,-0.5933333333333333,-0.6,-0.362,-0.1,La Nina,La Nina,Debil,9,0
1965-01-01,1965,1,1,1960s,25.66,26.27,-0.61,-0.2766666666666665,-0.3,-0.502,0.31,Neutral,Neutral,Neutral,3,0
1965-02-01,1965,2,1,1960s,26.2,26.45,-0.25,-0.0699999999999999,-0.1,-0.579,0.36,Neutral,Neutral,Neutral,3,0
1965-03-01,1965,3,1,1960s,26.95,26.92,0.03,0.18,0.2,-0.585,0.28,Neutral,Neutral,Neutral,3,0
1965-04-01,1965,4,2,1960s,27.38,27.37,0.01,0.4566666666666667,0.5,-0.549,-0.02,El Nino,El Nino,Debil,12,0
1965-05-01,1965,5,2,1960s,27.99,27.49,0.5,0.8333333333333334,0.8,-0.452,0.49,El Nino,El Nino,Debil,12,0
1965-06-01,1965,6,2,1960s,28.08,27.22,0.86,1.22,1.2,-0.327,0.36,El Nino,El Nino,Debil,12,0
1965-07-01,1965,7,3,1960s,27.89,26.76,1.14,1.5466666666666669,1.5,-0.196,0.28,El Nino,El Nino,Moderado,12,0
1965-08-01,1965,8,3,1960s,27.96,26.3,1.66,1.8533333333333333,1.9,0.002,0.52,El Nino,El Nino,Fuerte,12,1
1965-09-01,1965,9,3,1960s,28.0,26.16,1.84,1.9766666666666663,2.0,0.226,0.18,El Nino,El Nino,Fuerte,12,1
1965-10-01,1965,10,4,1960s,28.15,26.09,2.06,1.9666666666666668,2.0,0.458,0.22,El Nino,El Nino,Muy fuerte,12,1
1965-11-01,1965,11,4,1960s,28.11,26.08,2.03,1.7166666666666668,1.7,0.696,-0.03,El Nino,El Nino,Muy fuerte,12,1
1965-12-01,1965,12,4,1960s,27.95,26.14,1.81,1.3733333333333333,1.4,0.923,-0.22,El Nino,El Nino,Fuerte,12,1
1966-01-01,1966,1,1,1960s,27.66,26.36,1.31,1.1666666666666667,1.2,1.083,-0.5,El Nino,El Nino,Moderado,12,0
1966-02-01,1966,2,1,1960s,27.55,26.56,1.0,0.9833333333333334,1.0,1.188,-0.31,El Nino,El Nino,Moderado,12,0
1966-03-01,1966,3,1,1960s,28.21,27.02,1.19,0.6566666666666666,0.7,1.284,0.19,El Nino,El Nino,Moderado,12,0
1966-04-01,1966,4,2,1960s,28.16,27.4,0.76,0.3566666666666667,0.4,1.347,-0.43,Neutral,Neutral,Neutral,29,0
1966-05-01,1966,5,2,1960s,27.55,27.53,0.02,0.2433333333333333,0.2,1.307,-0.74,Neutral,Neutral,Neutral,29,0
1966-06-01,1966,6,2,1960s,27.63,27.35,0.29,0.2433333333333333,0.2,1.259,0.27,Neutral,Neutral,Neutral,29,0
1966-07-01,1966,7,3,1960s,27.32,26.9,0.42,0.1233333333333333,0.1,1.199,0.13,Neutral,Neutral,Neutral,29,0
1966-08-01,1966,8,3,1960s,26.48,26.46,0.02,-0.0533333333333333,-0.1,1.062,-0.4,Neutral,Neutral,Neutral,29,0
1966-09-01,1966,9,3,1960s,26.27,26.34,-0.07,-0.0999999999999999,-0.1,0.903,-0.09,Neutral,Neutral,Neutral,29,0
1966-10-01,1966,10,4,1960s,26.22,26.33,-0.11,-0.18,-0.2,0.722,-0.04,Neutral,Neutral,Neutral,29,0
1966-11-01,1966,11,4,1960s,26.23,26.35,-0.12,-0.3033333333333333,-0.3,0.543,-0.01,Neutral,Neutral,Neutral,29,0
1966-12-01,1966,12,4,1960s,26.02,26.33,-0.31,-0.41,-0.4,0.367,-0.19,Neutral,Neutral,Neutral,29,0
1967-01-01,1967,1,1,1960s,25.88,26.36,-0.48,-0.4766666666666666,-0.5,0.217,-0.17,La Nina,Neutral,Neutral,29,0
1967-02-01,1967,2,1,1960s,26.12,26.56,-0.44,-0.5366666666666666,-0.5,0.097,0.04,La Nina,Neutral,Neutral,29,0
1967-03-01,1967,3,1,1960s,26.51,27.02,-0.51,-0.45,-0.4,-0.044,-0.07,Neutral,Neutral,Neutral,29,0
1967-04-01,1967,4,2,1960s,26.75,27.4,-0.66,-0.24,-0.2,-0.163,-0.15,Neutral,Neutral,Neutral,29,0
1967-05-01,1967,5,2,1960s,27.35,27.53,-0.18,0.0,0.0,-0.179,0.48,Neutral,Neutral,Neutral,29,0
1967-06-01,1967,6,2,1960s,27.46,27.35,0.12,0.0499999999999999,0.0,-0.193,0.3,Neutral,Neutral,Neutral,29,0
1967-07-01,1967,7,3,1960s,26.96,26.9,0.06,-0.1533333333333333,-0.2,-0.223,-0.06,Neutral,Neutral,Neutral,29,0
1967-08-01,1967,8,3,1960s,26.43,26.46,-0.03,-0.2933333333333333,-0.3,-0.228,-0.09,Neutral,Neutral,Neutral,29,0
1967-09-01,1967,9,3,1960s,25.85,26.34,-0.49,-0.3766666666666666,-0.4,-0.263,-0.46,Neutral,Neutral,Neutral,29,0
1967-10-01,1967,10,4,1960s,25.96,26.33,-0.36,-0.34,-0.3,-0.283,0.13,Neutral,Neutral,Neutral,29,0
1967-11-01,1967,11,4,1960s,26.07,26.35,-0.28,-0.44,-0.4,-0.297,0.08,Neutral,Neutral,Neutral,29,0
1967-12-01,1967,12,4,1960s,25.95,26.33,-0.38,-0.6333333333333333,-0.6,-0.303,-0.1,La Nina,Neutral,Neutral,29,0
1968-01-01,1968,1,1,1960s,25.69,26.36,-0.66,-0.7333333333333334,-0.7,-0.318,-0.28,La Nina,Neutral,Neutral,29,0
1968-02-01,1968,2,1,1960s,25.69,26.56,-0.86,-0.6133333333333334,-0.6,-0.353,-0.2,La Nina,Neutral,Neutral,29,0
1968-03-01,1968,3,1,1960s,26.34,27.02,-0.68,-0.44,-0.4,-0.367,0.18,Neutral,Neutral,Neutral,29,0
1968-04-01,1968,4,2,1960s,27.1,27.4,-0.3,-0.04,-0.0,-0.337,0.38,Neutral,Neutral,Neutral,29,0
1968-05-01,1968,5,2,1960s,27.19,27.53,-0.34,0.28,0.3,-0.35,-0.04,Neutral,Neutral,Neutral,29,0
1968-06-01,1968,6,2,1960s,27.87,27.35,0.52,0.5733333333333334,0.6,-0.317,0.86,El Nino,Neutral,Neutral,29,0
1968-07-01,1968,7,3,1960s,27.57,26.9,0.66,0.5266666666666667,0.5,-0.267,0.14,El Nino,Neutral,Neutral,29,0
1968-08-01,1968,8,3,1960s,27.0,26.46,0.54,0.4466666666666667,0.4,-0.219,-0.12,Neutral,Neutral,Neutral,29,0
1968-09-01,1968,9,3,1960s,26.72,26.34,0.38,0.5499999999999999,0.5,-0.147,-0.16,El Nino,El Nino,Debil,8,0
1968-10-01,1968,10,4,1960s,26.75,26.33,0.42,0.7366666666666667,0.7,-0.082,0.04,El Nino,El Nino,Debil,8,0
1968-11-01,1968,11,4,1960s,27.2,26.35,0.85,0.9766666666666666,1.0,0.012,0.43,El Nino,El Nino,Debil,8,0
1968-12-01,1968,12,4,1960s,27.27,26.33,0.94,1.13,1.1,0.122,0.09,El Nino,El Nino,Debil,8,0
1969-01-01,1969,1,1,1960s,27.5,26.36,1.14,1.086666666666667,1.1,0.272,0.2,El Nino,El Nino,Moderado,8,0
1969-02-01,1969,2,1,1960s,27.86,26.56,1.31,0.95,1.0,0.453,0.17,El Nino,El Nino,Moderado,8,0
1969-03-01,1969,3,1,1960s,27.83,27.02,0.81,0.7666666666666666,0.8,0.578,-0.5,El Nino,El Nino,Debil,8,0
1969-04-01,1969,4,2,1960s,28.14,27.4,0.73,0.6133333333333333,0.6,0.663,-0.08,El Nino,El Nino,Debil,8,0
1969-05-01,1969,5,2,1960s,28.29,27.53,0.76,0.43,0.4,0.755,0.03,Neutral,Neutral,Neutral,2,0
1969-06-01,1969,6,2,1960s,27.69,27.35,0.35,0.3633333333333333,0.4,0.741,-0.41,Neutral,Neutral,Neutral,2,0
1969-07-01,1969,7,3,1960s,27.08,26.9,0.18,0.5166666666666667,0.5,0.701,-0.17,El Nino,El Nino,Debil,6,0
1969-08-01,1969,8,3,1960s,27.02,26.46,0.56,0.7933333333333333,0.8,0.702,0.38,El Nino,El Nino,Debil,6,0
1969-09-01,1969,9,3,1960s,27.15,26.34,0.81,0.86,0.9,0.738,0.25,El Nino,El Nino,Debil,6,0
1969-10-01,1969,10,4,1960s,27.34,26.33,1.01,0.81,0.8,0.788,0.2,El Nino,El Nino,Moderado,6,0
1969-11-01,1969,11,4,1960s,27.11,26.35,0.76,0.6333333333333333,0.6,0.78,-0.25,El Nino,El Nino,Debil,6,0
1969-12-01,1969,12,4,1960s,26.98,26.33,0.66,0.5166666666666667,0.5,0.757,-0.1,El Nino,El Nino,Debil,6,0
1970-01-01,1970,1,1,1970s,26.84,26.36,0.48,0.34,0.3,0.702,-0.18,Neutral,Neutral,Neutral,5,0
1970-02-01,1970,2,1,1970s,26.96,26.56,0.41,0.2933333333333333,0.3,0.627,-0.07,Neutral,Neutral,Neutral,5,0
1970-03-01,1970,3,1,1970s,27.15,27.02,0.13,0.19,0.2,0.57,-0.28,Neutral,Neutral,Neutral,5,0
1970-04-01,1970,4,2,1970s,27.75,27.4,0.34,0.0433333333333333,0.0,0.538,0.21,Neutral,Neutral,Neutral,5,0
1970-05-01,1970,5,2,1970s,27.63,27.53,0.1,-0.3033333333333333,-0.3,0.482,-0.24,Neutral,Neutral,Neutral,5,0
1970-06-01,1970,6,2,1970s,27.03,27.35,-0.31,-0.6266666666666666,-0.6,0.427,-0.41,La Nina,La Nina,Debil,19,0
1970-07-01,1970,7,3,1970s,26.21,26.9,-0.7,-0.7566666666666667,-0.8,0.354,-0.39,La Nina,La Nina,Debil,19,0
1970-08-01,1970,8,3,1970s,25.59,26.46,-0.87,-0.7666666666666666,-0.8,0.235,-0.17,La Nina,La Nina,Debil,19,0
1970-09-01,1970,9,3,1970s,25.64,26.34,-0.7,-0.7366666666666667,-0.7,0.109,0.17,La Nina,La Nina,Debil,19,0
1970-10-01,1970,10,4,1970s,25.59,26.33,-0.73,-0.8566666666666668,-0.9,-0.036,-0.03,La Nina,La Nina,Debil,19,0
1970-11-01,1970,11,4,1970s,25.57,26.35,-0.78,-1.1466666666666667,-1.1,-0.164,-0.05,La Nina,La Nina,Debil,19,0
1970-12-01,1970,12,4,1970s,25.27,26.33,-1.06,-1.36,-1.4,-0.308,-0.28,La Nina,La Nina,Moderado,19,0
1971-01-01,1971,1,1,1970s,24.82,26.42,-1.6,-1.3833333333333335,-1.4,-0.481,-0.54,La Nina,La Nina,Fuerte,19,1
1971-02-01,1971,2,1,1970s,25.2,26.61,-1.42,-1.1166666666666665,-1.1,-0.633,0.18,La Nina,La Nina,Moderado,19,0
1971-03-01,1971,3,1,1970s,25.93,27.06,-1.13,-0.8466666666666667,-0.8,-0.738,0.29,La Nina,La Nina,Moderado,19,0
1971-04-01,1971,4,2,1970s,26.64,27.44,-0.8,-0.73,-0.7,-0.833,0.33,La Nina,La Nina,Debil,19,0
1971-05-01,1971,5,2,1970s,26.95,27.56,-0.61,-0.7366666666666667,-0.7,-0.893,0.19,La Nina,La Nina,Debil,19,0
1971-06-01,1971,6,2,1970s,26.6,27.38,-0.78,-0.7966666666666667,-0.8,-0.932,-0.17,La Nina,La Nina,Debil,19,0
1971-07-01,1971,7,3,1970s,26.12,26.94,-0.82,-0.7733333333333333,-0.8,-0.942,-0.04,La Nina,La Nina,Debil,19,0
1971-08-01,1971,8,3,1970s,25.74,26.54,-0.79,-0.82,-0.8,-0.935,0.03,La Nina,La Nina,Debil,19,0
1971-09-01,1971,9,3,1970s,25.71,26.42,-0.71,-0.85,-0.8,-0.936,0.08,La Nina,La Nina,Debil,19,0
1971-10-01,1971,10,4,1970s,25.47,26.43,-0.96,-0.9566666666666668,-1.0,-0.955,-0.25,La Nina,La Nina,Debil,19,0
1971-11-01,1971,11,4,1970s,25.55,26.43,-0.88,-0.8966666666666668,-0.9,-0.963,0.08,La Nina,La Nina,Debil,19,0
1971-12-01,1971,12,4,1970s,25.37,26.4,-1.03,-0.7033333333333335,-0.7,-0.961,-0.15,La Nina,La Nina,Moderado,19,0
1972-01-01,1972,1,1,1970s,25.63,26.42,-0.78,-0.35,-0.4,-0.892,0.25,Neutral,Neutral,Neutral,3,0
1972-02-01,1972,2,1,1970s,26.31,26.61,-0.3,0.06,0.1,-0.799,0.48,Neutral,Neutral,Neutral,3,0
1972-03-01,1972,3,1,1970s,27.09,27.06,0.03,0.41,0.4,-0.702,0.33,Neutral,Neutral,Neutral,3,0
1972-04-01,1972,4,2,1970s,27.9,27.44,0.45,0.6666666666666666,0.7,-0.598,0.42,El Nino,El Nino,Debil,11,0
1972-05-01,1972,5,2,1970s,28.31,27.56,0.75,0.9166666666666666,0.9,-0.485,0.3,El Nino,El Nino,Debil,11,0
1972-06-01,1972,6,2,1970s,28.18,27.38,0.8,1.1333333333333333,1.1,-0.353,0.05,El Nino,El Nino,Debil,11,0
1972-07-01,1972,7,3,1970s,28.14,26.94,1.2,1.373333333333333,1.4,-0.185,0.4,El Nino,El Nino,Moderado,11,0
1972-08-01,1972,8,3,1970s,27.94,26.54,1.4,1.5833333333333333,1.6,-0.003,0.2,El Nino,El Nino,Moderado,11,0
1972-09-01,1972,9,3,1970s,27.94,26.42,1.52,1.84,1.8,0.183,0.12,El Nino,El Nino,Fuerte,11,1
1972-10-01,1972,10,4,1970s,28.25,26.43,1.83,2.0933333333333333,2.1,0.416,0.31,El Nino,El Nino,Fuerte,11,1
1972-11-01,1972,11,4,1970s,28.6,26.43,2.17,2.123333333333333,2.1,0.67,0.34,El Nino,El Nino,Muy fuerte,11,1
1972-12-01,1972,12,4,1970s,28.68,26.4,2.28,1.846666666666667,1.8,0.946,0.11,El Nino,El Nino,Muy fuerte,11,1
1973-01-01,1973,1,1,1970s,28.33,26.42,1.92,1.25,1.2,1.171,-0.36,El Nino,El Nino,Fuerte,11,1
1973-02-01,1973,2,1,1970s,27.95,26.61,1.34,0.5466666666666667,0.5,1.307,-0.58,El Nino,El Nino,Moderado,11,0
1973-03-01,1973,3,1,1970s,27.56,27.06,0.49,-0.0966666666666666,-0.1,1.346,-0.85,Neutral,Neutral,Neutral,1,0
1973-04-01,1973,4,2,1970s,27.25,27.44,-0.19,-0.5366666666666666,-0.5,1.292,-0.68,La Nina,La Nina,Debil,15,0
1973-05-01,1973,5,2,1970s,26.97,27.56,-0.59,-0.8666666666666667,-0.9,1.181,-0.4,La Nina,La Nina,Debil,15,0
1973-06-01,1973,6,2,1970s,26.55,27.38,-0.83,-1.106666666666667,-1.1,1.045,-0.24,La Nina,La Nina,Debil,15,0
1973-07-01,1973,7,3,1970s,25.76,26.94,-1.18,-1.2833333333333334,-1.3,0.847,-0.35,La Nina,La Nina,Moderado,15,0
1973-08-01,1973,8,3,1970s,25.23,26.54,-1.31,-1.4533333333333334,-1.5,0.621,-0.13,La Nina,La Nina,Moderado,15,0
1973-09-01,1973,9,3,1970s,25.06,26.42,-1.36,-1.7133333333333336,-1.7,0.381,-0.05,La Nina,La Nina,Moderado,15,0
1973-10-01,1973,10,4,1970s,24.74,26.43,-1.69,-1.9466666666666663,-1.9,0.087,-0.33,La Nina,La Nina,Fuerte,15,1
1973-11-01,1973,11,4,1970s,24.34,26.43,-2.09,-2.0333333333333337,-2.0,-0.268,-0.4,La Nina,La Nina,Muy fuerte,15,1
1973-12-01,1973,12,4,1970s,24.34,26.4,-2.06,-1.836666666666667,-1.8,-0.629,0.03,La Nina,La Nina,Muy fuerte,15,1
1974-01-01,1974,1,1,1970s,24.47,26.42,-1.95,-1.5533333333333337,-1.6,-0.952,0.11,La Nina,La Nina,Fuerte,15,1
1974-02-01,1974,2,1,1970s,25.11,26.61,-1.5,-1.2266666666666668,-1.2,-1.188,0.45,La Nina,La Nina,Fuerte,15,1
1974-03-01,1974,3,1,1970s,25.86,27.06,-1.21,-1.0300000000000002,-1.0,-1.33,0.29,La Nina,La Nina,Moderado,15,0
1974-04-01,1974,4,2,1970s,26.48,27.44,-0.97,-0.91,-0.9,-1.395,0.24,La Nina,La Nina,Debil,15,0
1974-05-01,1974,5,2,1970s,26.65,27.56,-0.91,-0.7700000000000001,-0.8,-1.422,0.06,La Nina,La Nina,Debil,15,0
1974-06-01,1974,6,2,1970s,26.53,27.38,-0.85,-0.5366666666666667,-0.5,-1.423,0.06,La Nina,La Nina,Debil,15,0
1974-07-01,1974,7,3,1970s,26.39,26.94,-0.55,-0.3700000000000001,-0.4,-1.371,0.3,Neutral,Neutral,Neutral,2,0
1974-08-01,1974,8,3,1970s,26.33,26.54,-0.21,-0.4066666666666668,-0.4,-1.279,0.34,Neutral,Neutral,Neutral,2,0
1974-09-01,1974,9,3,1970s,26.07,26.42,-0.35,-0.6100000000000002,-0.6,-1.195,-0.14,La Nina,La Nina,Debil,19,0
1974-10-01,1974,10,4,1970s,25.77,26.43,-0.66,-0.7533333333333334,-0.8,-1.109,-0.31,La Nina,La Nina,Debil,19,0
1974-11-01,1974,11,4,1970s,25.61,26.43,-0.82,-0.6400000000000001,-0.6,-1.003,-0.16,La Nina,La Nina,Debil,19,0
1974-12-01,1974,12,4,1970s,25.63,26.4,-0.78,-0.5433333333333336,-0.5,-0.897,0.04,La Nina,La Nina,Debil,19,0
1975-01-01,1975,1,1,1970s,26.1,26.42,-0.32,-0.5700000000000002,-0.6,-0.761,0.46,La Nina,La Nina,Debil,19,0
1975-02-01,1975,2,1,1970s,26.08,26.61,-0.53,-0.6566666666666667,-0.7,-0.68,-0.21,La Nina,La Nina,Debil,19,0
1975-03-01,1975,3,1,1970s,26.21,27.06,-0.86,-0.7333333333333334,-0.7,-0.651,-0.33,La Nina,La Nina,Debil,19,0
1975-04-01,1975,4,2,1970s,26.87,27.44,-0.58,-0.8300000000000001,-0.8,-0.618,0.28,La Nina,La Nina,Debil,19,0
1975-05-01,1975,5,2,1970s,26.8,27.56,-0.76,-0.9833333333333334,-1.0,-0.606,-0.18,La Nina,La Nina,Debil,19,0
1975-06-01,1975,6,2,1970s,26.23,27.38,-1.15,-1.13,-1.1,-0.631,-0.39,La Nina,La Nina,Moderado,19,0
1975-07-01,1975,7,3,1970s,25.9,26.94,-1.04,-1.2033333333333334,-1.2,-0.672,0.11,La Nina,La Nina,Moderado,19,0
1975-08-01,1975,8,3,1970s,25.34,26.54,-1.2,-1.37,-1.4,-0.754,-0.16,La Nina,La Nina,Moderado,19,0
1975-09-01,1975,9,3,1970s,25.05,26.42,-1.37,-1.43,-1.4,-0.839,-0.17,La Nina,La Nina,Moderado,19,0
1975-10-01,1975,10,4,1970s,24.89,26.43,-1.54,-1.55,-1.6,-0.913,-0.17,La Nina,La Nina,Fuerte,19,1
1975-11-01,1975,11,4,1970s,25.05,26.43,-1.38,-1.65,-1.6,-0.959,0.16,La Nina,La Nina,Moderado,19,0
1975-12-01,1975,12,4,1970s,24.67,26.4,-1.73,-1.5533333333333337,-1.6,-1.038,-0.35,La Nina,La Nina,Fuerte,19,1
1976-01-01,1976,1,1,1970s,24.54,26.39,-1.84,-1.1700000000000002,-1.2,-1.165,-0.11,La Nina,La Nina,Fuerte,19,1
1976-02-01,1976,2,1,1970s,25.49,26.59,-1.09,-0.7333333333333334,-0.7,-1.212,0.75,La Nina,La Nina,Moderado,19,0
1976-03-01,1976,3,1,1970s,26.46,27.04,-0.58,-0.4733333333333334,-0.5,-1.188,0.51,La Nina,La Nina,Debil,19,0
1976-04-01,1976,4,2,1970s,26.89,27.42,-0.53,-0.2800000000000001,-0.3,-1.184,0.05,Neutral,Neutral,Neutral,4,0
1976-05-01,1976,5,2,1970s,27.2,27.51,-0.31,-0.0466666666666667,-0.0,-1.147,0.22,Neutral,Neutral,Neutral,4,0
1976-06-01,1976,6,2,1970s,27.35,27.35,-0.0,0.1833333333333332,0.2,-1.051,0.31,Neutral,Neutral,Neutral,4,0
1976-07-01,1976,7,3,1970s,27.12,26.95,0.17,0.3499999999999999,0.3,-0.95,0.17,Neutral,Neutral,Neutral,4,0
1976-08-01,1976,8,3,1970s,26.98,26.59,0.38,0.62,0.6,-0.818,0.21,El Nino,El Nino,Debil,6,0
1976-09-01,1976,9,3,1970s,27.02,26.51,0.5,0.8099999999999999,0.8,-0.663,0.12,El Nino,El Nino,Debil,6,0
1976-10-01,1976,10,4,1970s,27.46,26.48,0.98,0.8633333333333333,0.9,-0.453,0.48,El Nino,El Nino,Debil,6,0
1976-11-01,1976,11,4,1970s,27.41,26.46,0.95,0.8466666666666667,0.8,-0.258,-0.03,El Nino,El Nino,Debil,6,0
1976-12-01,1976,12,4,1970s,27.08,26.43,0.66,0.7133333333333333,0.7,-0.059,-0.29,El Nino,El Nino,Debil,6,0
1977-01-01,1977,1,1,1970s,27.32,26.39,0.93,0.64,0.6,0.172,0.27,El Nino,El Nino,Debil,6,0
1977-02-01,1977,2,1,1970s,27.13,26.59,0.55,0.3399999999999999,0.3,0.308,-0.38,Neutral,Neutral,Neutral,6,0
1977-03-01,1977,3,1,1970s,27.48,27.04,0.44,0.2299999999999999,0.2,0.393,-0.11,Neutral,Neutral,Neutral,6,0
1977-04-01,1977,4,2,1970s,27.45,27.42,0.03,0.2133333333333332,0.2,0.44,-0.41,Neutral,Neutral,Neutral,6,0
1977-05-01,1977,5,2,1970s,27.72,27.51,0.22,0.3433333333333332,0.3,0.484,0.19,Neutral,Neutral,Neutral,6,0
1977-06-01,1977,6,2,1970s,27.74,27.35,0.39,0.3533333333333333,0.4,0.517,0.17,Neutral,Neutral,Neutral,6,0
1977-07-01,1977,7,3,1970s,27.38,26.95,0.42,0.4233333333333332,0.4,0.538,0.03,Neutral,Neutral,Neutral,6,0
1977-08-01,1977,8,3,1970s,26.84,26.59,0.25,0.57,0.6,0.527,-0.17,El Nino,El Nino,Debil,5,0
1977-09-01,1977,9,3,1970s,27.11,26.51,0.6,0.7266666666666666,0.7,0.535,0.35,El Nino,El Nino,Debil,5,0
1977-10-01,1977,10,4,1970s,27.34,26.48,0.86,0.8133333333333331,0.8,0.525,0.26,El Nino,El Nino,Debil,5,0
1977-11-01,1977,11,4,1970s,27.18,26.46,0.72,0.7866666666666666,0.8,0.506,-0.14,El Nino,El Nino,Debil,5,0
1977-12-01,1977,12,4,1970s,27.29,26.43,0.86,0.6866666666666665,0.7,0.522,0.14,El Nino,El Nino,Debil,5,0
1978-01-01,1978,1,1,1970s,27.17,26.39,0.78,0.4199999999999999,0.4,0.51,-0.08,Neutral,Neutral,Neutral,20,0
1978-02-01,1978,2,1,1970s,27.01,26.59,0.42,0.0599999999999998,0.1,0.499,-0.36,Neutral,Neutral,Neutral,20,0
1978-03-01,1978,3,1,1970s,27.1,27.04,0.06,-0.1833333333333334,-0.2,0.467,-0.36,Neutral,Neutral,Neutral,20,0
1978-04-01,1978,4,2,1970s,27.12,27.42,-0.3,-0.3133333333333334,-0.3,0.44,-0.36,Neutral,Neutral,Neutral,20,0
1978-05-01,1978,5,2,1970s,27.2,27.51,-0.31,-0.2866666666666668,-0.3,0.396,-0.01,Neutral,Neutral,Neutral,20,0
1978-06-01,1978,6,2,1970s,27.02,27.35,-0.33,-0.3600000000000001,-0.4,0.336,-0.02,Neutral,Neutral,Neutral,20,0
1978-07-01,1978,7,3,1970s,26.74,26.95,-0.22,-0.4166666666666668,-0.4,0.282,0.11,Neutral,Neutral,Neutral,20,0
1978-08-01,1978,8,3,1970s,26.07,26.59,-0.53,-0.4200000000000001,-0.4,0.217,-0.31,Neutral,Neutral,Neutral,20,0
1978-09-01,1978,9,3,1970s,26.01,26.51,-0.5,-0.2900000000000001,-0.3,0.126,0.03,Neutral,Neutral,Neutral,20,0
1978-10-01,1978,10,4,1970s,26.25,26.48,-0.23,-0.0866666666666667,-0.1,0.035,0.27,Neutral,Neutral,Neutral,20,0
1978-11-01,1978,11,4,1970s,26.32,26.46,-0.14,-1.1564823173178715e-16,-0.0,-0.037,0.09,Neutral,Neutral,Neutral,20,0
1978-12-01,1978,12,4,1970s,26.54,26.43,0.11,0.0333333333333332,0.0,-0.099,0.25,Neutral,Neutral,Neutral,20,0
1979-01-01,1979,1,1,1970s,26.42,26.39,0.03,0.0733333333333332,0.1,-0.162,-0.08,Neutral,Neutral,Neutral,20,0
1979-02-01,1979,2,1,1970s,26.54,26.59,-0.04,0.2033333333333332,0.2,-0.2,-0.07,Neutral,Neutral,Neutral,20,0
1979-03-01,1979,3,1,1970s,27.28,27.04,0.23,0.2799999999999998,0.3,-0.186,0.27,Neutral,Neutral,Neutral,20,0
1979-04-01,1979,4,2,1970s,27.84,27.42,0.42,0.2299999999999999,0.2,-0.126,0.19,Neutral,Neutral,Neutral,20,0
1979-05-01,1979,5,2,1970s,27.69,27.51,0.19,0.0466666666666665,0.0,-0.084,-0.23,Neutral,Neutral,Neutral,20,0
1979-06-01,1979,6,2,1970s,27.43,27.35,0.08,0.0366666666666665,0.0,-0.05,-0.11,Neutral,Neutral,Neutral,20,0
1979-07-01,1979,7,3,1970s,26.82,26.95,-0.13,0.1699999999999999,0.2,-0.043,-0.21,Neutral,Neutral,Neutral,20,0
1979-08-01,1979,8,3,1970s,26.75,26.59,0.16,0.3299999999999999,0.3,0.015,0.29,Neutral,Neutral,Neutral,20,0
1979-09-01,1979,9,3,1970s,26.99,26.51,0.48,0.4533333333333332,0.5,0.097,0.32,El Nino,El Nino,Debil,5,0
1979-10-01,1979,10,4,1970s,26.83,26.48,0.35,0.5233333333333332,0.5,0.145,-0.13,El Nino,El Nino,Debil,5,0
1979-11-01,1979,11,4,1970s,26.99,26.46,0.53,0.6399999999999999,0.6,0.201,0.18,El Nino,El Nino,Debil,5,0
1979-12-01,1979,12,4,1970s,27.11,26.43,0.69,0.5933333333333333,0.6,0.249,0.16,El Nino,El Nino,Debil,5,0
1980-01-01,1980,1,1,1980s,27.09,26.39,0.7,0.4566666666666665,0.5,0.305,0.01,El Nino,El Nino,Debil,5,0
1980-02-01,1980,2,1,1980s,26.98,26.59,0.39,0.3366666666666666,0.3,0.341,-0.31,Neutral,Neutral,Neutral,25,0
1980-03-01,1980,3,1,1980s,27.32,27.04,0.28,0.3766666666666666,0.4,0.345,-0.11,Neutral,Neutral,Neutral,25,0
1980-04-01,1980,4,2,1980s,27.76,27.42,0.34,0.4799999999999999,0.5,0.338,0.06,El Nino,Neutral,Neutral,25,0
1980-05-01,1980,5,2,1980s,28.02,27.51,0.51,0.4599999999999999,0.5,0.365,0.17,El Nino,Neutral,Neutral,25,0
1980-06-01,1980,6,2,1980s,27.94,27.35,0.59,0.2533333333333332,0.3,0.407,0.08,Neutral,Neutral,Neutral,25,0
1980-07-01,1980,7,3,1980s,27.23,26.95,0.28,0.0333333333333332,0.0,0.442,-0.31,Neutral,Neutral,Neutral,25,0
1980-08-01,1980,8,3,1980s,26.48,26.59,-0.11,-0.0666666666666667,-0.1,0.419,-0.39,Neutral,Neutral,Neutral,25,0
1980-09-01,1980,9,3,1980s,26.44,26.51,-0.07,0.0166666666666665,0.0,0.373,0.04,Neutral,Neutral,Neutral,25,0
1980-10-01,1980,10,4,1980s,26.46,26.48,-0.02,0.1133333333333332,0.1,0.342,0.05,Neutral,Neutral,Neutral,25,0
1980-11-01,1980,11,4,1980s,26.6,26.46,0.14,-0.0066666666666667,-0.0,0.31,0.16,Neutral,Neutral,Neutral,25,0
1980-12-01,1980,12,4,1980s,26.65,26.43,0.22,-0.2600000000000001,-0.3,0.271,0.08,Neutral,Neutral,Neutral,25,0
1981-01-01,1981,1,1,1980s,26.19,26.57,-0.38,-0.5033333333333335,-0.5,0.181,-0.6,La Nina,Neutral,Neutral,25,0
1981-02-01,1981,2,1,1980s,26.12,26.75,-0.62,-0.4733333333333334,-0.5,0.097,-0.24,La Nina,Neutral,Neutral,25,0
1981-03-01,1981,3,1,1980s,26.66,27.17,-0.51,-0.3666666666666667,-0.4,0.031,0.11,Neutral,Neutral,Neutral,25,0
1981-04-01,1981,4,2,1980s,27.3,27.59,-0.29,-0.26,-0.3,-0.022,0.22,Neutral,Neutral,Neutral,25,0
1981-05-01,1981,5,2,1980s,27.36,27.66,-0.3,-0.2866666666666668,-0.3,-0.089,-0.01,Neutral,Neutral,Neutral,25,0
1981-06-01,1981,6,2,1980s,27.27,27.46,-0.19,-0.2933333333333334,-0.3,-0.154,0.11,Neutral,Neutral,Neutral,25,0
1981-07-01,1981,7,3,1980s,26.65,27.02,-0.37,-0.2433333333333334,-0.2,-0.208,-0.18,Neutral,Neutral,Neutral,25,0
1981-08-01,1981,8,3,1980s,26.32,26.64,-0.32,-0.1566666666666667,-0.2,-0.226,0.05,Neutral,Neutral,Neutral,25,0
1981-09-01,1981,9,3,1980s,26.52,26.56,-0.04,-0.1266666666666668,-0.1,-0.223,0.28,Neutral,Neutral,Neutral,25,0
1981-10-01,1981,10,4,1980s,26.42,26.53,-0.11,-0.1500000000000001,-0.2,-0.231,-0.07,Neutral,Neutral,Neutral,25,0
1981-11-01,1981,11,4,1980s,26.29,26.52,-0.23,-0.0766666666666667,-0.1,-0.262,-0.12,Neutral,Neutral,Neutral,25,0
1981-12-01,1981,12,4,1980s,26.4,26.51,-0.11,-0.0500000000000001,-0.1,-0.289,0.12,Neutral,Neutral,Neutral,25,0
1982-01-01,1982,1,1,1980s,26.68,26.57,0.11,0.0699999999999999,0.1,-0.248,0.22,Neutral,Neutral,Neutral,25,0
1982-02-01,1982,2,1,1980s,26.6,26.75,-0.15,0.1833333333333332,0.2,-0.209,-0.26,Neutral,Neutral,Neutral,25,0
1982-03-01,1982,3,1,1980s,27.42,27.17,0.25,0.4733333333333332,0.5,-0.146,0.4,El Nino,El Nino,Debil,15,0
1982-04-01,1982,4,2,1980s,28.03,27.59,0.45,0.6566666666666666,0.7,-0.084,0.2,El Nino,El Nino,Debil,15,0
1982-05-01,1982,5,2,1980s,28.39,27.66,0.72,0.7199999999999999,0.7,0.001,0.27,El Nino,El Nino,Debil,15,0
1982-06-01,1982,6,2,1980s,28.26,27.46,0.8,0.79,0.8,0.083,0.08,El Nino,El Nino,Debil,15,0
1982-07-01,1982,7,3,1980s,27.66,27.02,0.64,1.07,1.1,0.167,-0.16,El Nino,El Nino,Debil,15,0
1982-08-01,1982,8,3,1980s,27.58,26.64,0.93,1.5766666666666669,1.6,0.272,0.29,El Nino,El Nino,Debil,15,0
1982-09-01,1982,9,3,1980s,28.2,26.56,1.64,1.9633333333333336,2.0,0.412,0.71,El Nino,El Nino,Fuerte,15,1
1982-10-01,1982,10,4,1980s,28.69,26.53,2.16,2.1766666666666663,2.2,0.601,0.52,El Nino,El Nino,Muy fuerte,15,1
1982-11-01,1982,11,4,1980s,28.61,26.52,2.09,2.23,2.2,0.794,-0.07,El Nino,El Nino,Muy fuerte,15,1
1982-12-01,1982,12,4,1980s,28.79,26.51,2.28,2.18,2.2,0.993,0.19,El Nino,El Nino,Muy fuerte,15,1
1983-01-01,1983,1,1,1980s,28.88,26.57,2.32,1.9166666666666667,1.9,1.178,0.04,El Nino,El Nino,Muy fuerte,15,1
1983-02-01,1983,2,1,1980s,28.69,26.75,1.94,1.54,1.5,1.352,-0.38,El Nino,El Nino,Fuerte,15,1
1983-03-01,1983,3,1,1980s,28.67,27.17,1.49,1.2866666666666666,1.3,1.455,-0.45,El Nino,El Nino,Moderado,15,0
1983-04-01,1983,4,2,1980s,28.77,27.59,1.19,1.0633333333333332,1.1,1.517,-0.3,El Nino,El Nino,Moderado,15,0
1983-05-01,1983,5,2,1980s,28.84,27.66,1.18,0.7233333333333333,0.7,1.555,-0.01,El Nino,El Nino,Moderado,15,0
1983-06-01,1983,6,2,1980s,28.28,27.46,0.82,0.3166666666666666,0.3,1.557,-0.36,Neutral,Neutral,Neutral,2,0
1983-07-01,1983,7,3,1980s,27.19,27.02,0.17,-0.0766666666666666,-0.1,1.518,-0.65,Neutral,Neutral,Neutral,2,0
1983-08-01,1983,8,3,1980s,26.6,26.64,-0.04,-0.4533333333333333,-0.5,1.437,-0.21,La Nina,La Nina,Debil,5,0
1983-09-01,1983,9,3,1980s,26.2,26.56,-0.36,-0.8066666666666666,-0.8,1.27,-0.32,La Nina,La Nina,Debil,5,0
1983-10-01,1983,10,4,1980s,25.57,26.53,-0.96,-1.0,-1.0,1.01,-0.6,La Nina,La Nina,Debil,5,0
1983-11-01,1983,11,4,1980s,25.42,26.52,-1.1,-0.91,-0.9,0.744,-0.14,La Nina,La Nina,Moderado,5,0
1983-12-01,1983,12,4,1980s,25.58,26.51,-0.94,-0.6033333333333333,-0.6,0.476,0.16,La Nina,La Nina,Debil,5,0
1984-01-01,1984,1,1,1980s,25.88,26.57,-0.69,-0.42,-0.4,0.225,0.25,Neutral,Neutral,Neutral,8,0
1984-02-01,1984,2,1,1980s,26.57,26.75,-0.18,-0.3366666666666666,-0.3,0.048,0.51,Neutral,Neutral,Neutral,8,0
1984-03-01,1984,3,1,1980s,26.78,27.17,-0.39,-0.43,-0.4,-0.108,-0.21,Neutral,Neutral,Neutral,8,0
1984-04-01,1984,4,2,1980s,27.15,27.59,-0.44,-0.51,-0.5,-0.244,-0.05,La Nina,Neutral,Neutral,8,0
1984-05-01,1984,5,2,1980s,27.2,27.66,-0.46,-0.4433333333333333,-0.4,-0.381,-0.02,Neutral,Neutral,Neutral,8,0
1984-06-01,1984,6,2,1980s,26.83,27.46,-0.63,-0.3033333333333334,-0.3,-0.502,-0.17,Neutral,Neutral,Neutral,8,0
1984-07-01,1984,7,3,1980s,26.78,27.02,-0.24,-0.1566666666666666,-0.2,-0.536,0.39,Neutral,Neutral,Neutral,8,0
1984-08-01,1984,8,3,1980s,26.6,26.64,-0.04,-0.24,-0.2,-0.536,0.2,Neutral,Neutral,Neutral,8,0
1984-09-01,1984,9,3,1980s,26.38,26.56,-0.19,-0.5599999999999999,-0.6,-0.522,-0.15,La Nina,La Nina,Debil,11,0
1984-10-01,1984,10,4,1980s,26.04,26.53,-0.49,-0.9133333333333334,-0.9,-0.483,-0.3,La Nina,La Nina,Debil,11,0
1984-11-01,1984,11,4,1980s,25.52,26.52,-1.0,-1.14,-1.1,-0.474,-0.51,La Nina,La Nina,Moderado,11,0
1984-12-01,1984,12,4,1980s,25.26,26.51,-1.25,-1.0433333333333332,-1.0,-0.5,-0.25,La Nina,La Nina,Moderado,11,0
1985-01-01,1985,1,1,1980s,25.39,26.57,-1.17,-0.85,-0.8,-0.54,0.08,La Nina,La Nina,Moderado,11,0
1985-02-01,1985,2,1,1980s,26.04,26.75,-0.71,-0.77,-0.8,-0.584,0.46,La Nina,La Nina,Debil,11,0
1985-03-01,1985,3,1,1980s,26.5,27.17,-0.67,-0.7833333333333333,-0.8,-0.608,0.04,La Nina,La Nina,Debil,11,0
1985-04-01,1985,4,2,1980s,26.65,27.59,-0.93,-0.7766666666666667,-0.8,-0.648,-0.26,La Nina,La Nina,Debil,11,0
1985-05-01,1985,5,2,1980s,26.91,27.66,-0.75,-0.6233333333333334,-0.6,-0.672,0.18,La Nina,La Nina,Debil,11,0
1985-06-01,1985,6,2,1980s,26.81,27.46,-0.65,-0.49,-0.5,-0.674,0.1,La Nina,La Nina,Debil,11,0
1985-07-01,1985,7,3,1980s,26.55,27.02,-0.47,-0.4566666666666667,-0.5,-0.693,0.18,La Nina,La Nina,Debil,11,0
1985-08-01,1985,8,3,1980s,26.29,26.64,-0.35,-0.3999999999999999,-0.4,-0.719,0.12,Neutral,Neutral,Neutral,12,0
1985-09-01,1985,9,3,1980s,26.02,26.56,-0.55,-0.35,-0.4,-0.749,-0.2,Neutral,Neutral,Neutral,12,0
1985-10-01,1985,10,4,1980s,26.23,26.53,-0.3,-0.2733333333333334,-0.3,-0.733,0.25,Neutral,Neutral,Neutral,12,0
1985-11-01,1985,11,4,1980s,26.33,26.52,-0.2,-0.36,-0.4,-0.667,0.1,Neutral,Neutral,Neutral,12,0
1985-12-01,1985,12,4,1980s,26.19,26.51,-0.32,-0.4933333333333333,-0.5,-0.589,-0.12,La Nina,Neutral,Neutral,12,0
1986-01-01,1986,1,1,1980s,25.89,26.46,-0.56,-0.4733333333333333,-0.5,-0.538,-0.24,La Nina,Neutral,Neutral,12,0
1986-02-01,1986,2,1,1980s,26.06,26.66,-0.6,-0.3133333333333333,-0.3,-0.529,-0.04,Neutral,Neutral,Neutral,12,0
1986-03-01,1986,3,1,1980s,26.88,27.14,-0.26,-0.2033333333333333,-0.2,-0.495,0.34,Neutral,Neutral,Neutral,12,0
1986-04-01,1986,4,2,1980s,27.49,27.58,-0.08,-0.12,-0.1,-0.424,0.18,Neutral,Neutral,Neutral,12,0
1986-05-01,1986,5,2,1980s,27.41,27.68,-0.27,-0.0366666666666666,-0.0,-0.384,-0.19,Neutral,Neutral,Neutral,12,0
1986-06-01,1986,6,2,1980s,27.42,27.43,-0.01,0.2233333333333333,0.2,-0.331,0.26,Neutral,Neutral,Neutral,12,0
1986-07-01,1986,7,3,1980s,27.18,27.01,0.17,0.4433333333333333,0.4,-0.278,0.18,Neutral,Neutral,Neutral,12,0
1986-08-01,1986,8,3,1980s,27.17,26.66,0.51,0.7133333333333334,0.7,-0.206,0.34,El Nino,El Nino,Debil,18,0
1986-09-01,1986,9,3,1980s,27.24,26.59,0.65,0.9433333333333334,0.9,-0.106,0.14,El Nino,El Nino,Debil,18,0
1986-10-01,1986,10,4,1980s,27.51,26.54,0.98,1.14,1.1,0.001,0.33,El Nino,El Nino,Debil,18,0
1986-11-01,1986,11,4,1980s,27.7,26.5,1.2,1.22,1.2,0.117,0.22,El Nino,El Nino,Moderado,18,0
1986-12-01,1986,12,4,1980s,27.71,26.47,1.24,1.2299999999999998,1.2,0.247,0.04,El Nino,El Nino,Moderado,18,0
1987-01-01,1987,1,1,1980s,27.68,26.46,1.22,1.1933333333333334,1.2,0.396,-0.02,El Nino,El Nino,Moderado,18,0
1987-02-01,1987,2,1,1980s,27.89,26.66,1.23,1.06,1.1,0.548,0.01,El Nino,El Nino,Moderado,18,0
1987-03-01,1987,3,1,1980s,28.27,27.14,1.13,0.9433333333333334,0.9,0.664,-0.1,El Nino,El Nino,Moderado,18,0
1987-04-01,1987,4,2,1980s,28.4,27.58,0.82,0.97,1.0,0.739,-0.31,El Nino,El Nino,Debil,18,0
1987-05-01,1987,5,2,1980s,28.56,27.68,0.88,1.22,1.2,0.835,0.06,El Nino,El Nino,Debil,18,0
1987-06-01,1987,6,2,1980s,28.64,27.43,1.21,1.5133333333333334,1.5,0.937,0.33,El Nino,El Nino,Moderado,18,0
1987-07-01,1987,7,3,1980s,28.58,27.01,1.57,1.7000000000000002,1.7,1.053,0.36,El Nino,El Nino,Fuerte,18,1
1987-08-01,1987,8,3,1980s,28.41,26.66,1.76,1.65,1.6,1.158,0.19,El Nino,El Nino,Fuerte,18,1
1987-09-01,1987,9,3,1980s,28.36,26.59,1.77,1.4866666666666666,1.5,1.251,0.01,El Nino,El Nino,Fuerte,18,1
1987-10-01,1987,10,4,1980s,27.95,26.54,1.42,1.2533333333333332,1.3,1.287,-0.35,El Nino,El Nino,Moderado,18,0
1987-11-01,1987,11,4,1980s,27.77,26.5,1.27,1.11,1.1,1.293,-0.15,El Nino,El Nino,Moderado,18,0
1987-12-01,1987,12,4,1980s,27.54,26.47,1.07,0.81,0.8,1.279,-0.2,El Nino,El Nino,Moderado,18,0
1988-01-01,1988,1,1,1980s,27.45,26.46,0.99,0.5366666666666666,0.5,1.26,-0.08,El Nino,El Nino,Debil,18,0
1988-02-01,1988,2,1,1980s,27.04,26.66,0.37,0.1433333333333333,0.1,1.188,-0.62,Neutral,Neutral,Neutral,2,0
1988-03-01,1988,3,1,1980s,27.39,27.14,0.25,-0.3133333333333333,-0.3,1.115,-0.12,Neutral,Neutral,Neutral,2,0
1988-04-01,1988,4,2,1980s,27.38,27.58,-0.19,-0.8766666666666666,-0.9,1.031,-0.44,La Nina,La Nina,Debil,13,0
1988-05-01,1988,5,2,1980s,26.68,27.68,-1.0,-1.2966666666666666,-1.3,0.874,-0.81,La Nina,La Nina,Moderado,13,0
1988-06-01,1988,6,2,1980s,25.99,27.43,-1.44,-1.2933333333333332,-1.3,0.653,-0.44,La Nina,La Nina,Moderado,13,0
1988-07-01,1988,7,3,1980s,25.56,27.01,-1.45,-1.1033333333333333,-1.1,0.402,-0.01,La Nina,La Nina,Moderado,13,0
1988-08-01,1988,8,3,1980s,25.67,26.66,-0.99,-1.1900000000000002,-1.2,0.172,0.46,La Nina,La Nina,Debil,13,0
1988-09-01,1988,9,3,1980s,25.72,26.59,-0.87,-1.4766666666666666,-1.5,-0.048,0.12,La Nina,La Nina,Debil,13,0
1988-10-01,1988,10,4,1980s,24.82,26.54,-1.71,-1.7966666666666669,-1.8,-0.308,-0.84,La Nina,La Nina,Fuerte,13,1
1988-11-01,1988,11,4,1980s,24.66,26.5,-1.85,-1.8500000000000003,-1.9,-0.568,-0.14,La Nina,La Nina,Fuerte,13,1
1988-12-01,1988,12,4,1980s,24.64,26.47,-1.83,-1.6900000000000002,-1.7,-0.81,0.02,La Nina,La Nina,Fuerte,13,1
1989-01-01,1989,1,1,1980s,24.59,26.46,-1.87,-1.4300000000000004,-1.4,-1.048,-0.04,La Nina,La Nina,Fuerte,13,1
1989-02-01,1989,2,1,1980s,25.29,26.66,-1.37,-1.08,-1.1,-1.193,0.5,La Nina,La Nina,Moderado,13,0
1989-03-01,1989,3,1,1980s,26.09,27.14,-1.05,-0.8266666666666668,-0.8,-1.302,0.32,La Nina,La Nina,Moderado,13,0
1989-04-01,1989,4,2,1980s,26.75,27.58,-0.82,-0.5733333333333334,-0.6,-1.354,0.23,La Nina,La Nina,Debil,13,0
1989-05-01,1989,5,2,1980s,27.07,27.68,-0.61,-0.4000000000000001,-0.4,-1.322,0.21,Neutral,Neutral,Neutral,23,0
1989-06-01,1989,6,2,1980s,27.14,27.43,-0.29,-0.3066666666666667,-0.3,-1.226,0.32,Neutral,Neutral,Neutral,23,0
1989-07-01,1989,7,3,1980s,26.71,27.01,-0.3,-0.2700000000000001,-0.3,-1.13,-0.01,Neutral,Neutral,Neutral,23,0
1989-08-01,1989,8,3,1980s,26.32,26.66,-0.33,-0.2433333333333334,-0.2,-1.075,-0.03,Neutral,Neutral,Neutral,23,0
1989-09-01,1989,9,3,1980s,26.41,26.59,-0.18,-0.2166666666666667,-0.2,-1.018,0.15,Neutral,Neutral,Neutral,23,0
1989-10-01,1989,10,4,1980s,26.32,26.54,-0.22,-0.16,-0.2,-0.893,-0.04,Neutral,Neutral,Neutral,23,0
1989-11-01,1989,11,4,1980s,26.25,26.5,-0.25,-0.05,-0.1,-0.76,-0.03,Neutral,Neutral,Neutral,23,0
1989-12-01,1989,12,4,1980s,26.46,26.47,-0.01,0.1366666666666666,0.1,-0.608,0.24,Neutral,Neutral,Neutral,23,0
1990-01-01,1990,1,1,1990s,26.56,26.46,0.11,0.2066666666666665,0.2,-0.443,0.12,Neutral,Neutral,Neutral,23,0
1990-02-01,1990,2,1,1990s,26.98,26.66,0.31,0.2799999999999999,0.3,-0.303,0.2,Neutral,Neutral,Neutral,23,0
1990-03-01,1990,3,1,1990s,27.34,27.14,0.2,0.2899999999999999,0.3,-0.199,-0.11,Neutral,Neutral,Neutral,23,0
1990-04-01,1990,4,2,1990s,27.9,27.58,0.33,0.2933333333333332,0.3,-0.103,0.13,Neutral,Neutral,Neutral,23,0
1990-05-01,1990,5,2,1990s,28.02,27.68,0.34,0.3066666666666666,0.3,-0.024,0.01,Neutral,Neutral,Neutral,23,0
1990-06-01,1990,6,2,1990s,27.65,27.43,0.21,0.3333333333333332,0.3,0.017,-0.13,Neutral,Neutral,Neutral,23,0
1990-07-01,1990,7,3,1990s,27.38,27.01,0.37,0.3799999999999999,0.4,0.073,0.16,Neutral,Neutral,Neutral,23,0
1990-08-01,1990,8,3,1990s,27.07,26.66,0.42,0.3899999999999999,0.4,0.136,0.05,Neutral,Neutral,Neutral,23,0
1990-09-01,1990,9,3,1990s,26.94,26.59,0.35,0.3533333333333332,0.4,0.18,-0.07,Neutral,Neutral,Neutral,23,0
1990-10-01,1990,10,4,1990s,26.93,26.54,0.4,0.3966666666666665,0.4,0.232,0.05,Neutral,Neutral,Neutral,23,0
1990-11-01,1990,11,4,1990s,26.81,26.5,0.31,0.4133333333333333,0.4,0.278,-0.09,Neutral,Neutral,Neutral,23,0
1990-12-01,1990,12,4,1990s,26.96,26.47,0.48,0.4066666666666665,0.4,0.319,0.17,Neutral,Neutral,Neutral,23,0
1991-01-01,1991,1,1,1990s,27.04,26.59,0.45,0.2633333333333332,0.3,0.347,-0.03,Neutral,Neutral,Neutral,23,0
1991-02-01,1991,2,1,1990s,27.08,26.79,0.29,0.2199999999999999,0.2,0.346,-0.16,Neutral,Neutral,Neutral,23,0
1991-03-01,1991,3,1,1990s,27.33,27.28,0.05,0.2566666666666665,0.3,0.333,-0.24,Neutral,Neutral,Neutral,23,0
1991-04-01,1991,4,2,1990s,28.02,27.7,0.32,0.4566666666666665,0.5,0.332,0.27,El Nino,El Nino,Debil,14,0
1991-05-01,1991,5,2,1990s,28.2,27.8,0.4,0.6366666666666666,0.6,0.337,0.08,El Nino,El Nino,Debil,14,0
1991-06-01,1991,6,2,1990s,28.25,27.6,0.65,0.7333333333333333,0.7,0.374,0.25,El Nino,El Nino,Debil,14,0
1991-07-01,1991,7,3,1990s,28.05,27.19,0.86,0.6366666666666666,0.6,0.415,0.21,El Nino,El Nino,Debil,14,0
1991-08-01,1991,8,3,1990s,27.53,26.84,0.69,0.6233333333333332,0.6,0.437,-0.17,El Nino,El Nino,Debil,14,0
1991-09-01,1991,9,3,1990s,27.14,26.78,0.36,0.7899999999999999,0.8,0.438,-0.33,El Nino,El Nino,Debil,14,0
1991-10-01,1991,10,4,1990s,27.58,26.76,0.82,1.21,1.2,0.473,0.46,El Nino,El Nino,Debil,14,0
1991-11-01,1991,11,4,1990s,27.89,26.7,1.19,1.53,1.5,0.547,0.37,El Nino,El Nino,Moderado,14,0
1991-12-01,1991,12,4,1990s,28.28,26.66,1.62,1.7133333333333336,1.7,0.642,0.43,El Nino,El Nino,Fuerte,14,1
1992-01-01,1992,1,1,1990s,28.37,26.59,1.78,1.6333333333333335,1.6,0.752,0.16,El Nino,El Nino,Fuerte,14,1
1992-02-01,1992,2,1,1990s,28.53,26.79,1.74,1.4799999999999998,1.5,0.873,-0.04,El Nino,El Nino,Fuerte,14,1
1992-03-01,1992,3,1,1990s,28.66,27.28,1.38,1.2866666666666664,1.3,0.984,-0.36,El Nino,El Nino,Moderado,14,0
1992-04-01,1992,4,2,1990s,29.02,27.7,1.32,1.0599999999999998,1.1,1.068,-0.06,El Nino,El Nino,Moderado,14,0
1992-05-01,1992,5,2,1990s,28.97,27.8,1.16,0.7299999999999999,0.7,1.131,-0.16,El Nino,El Nino,Moderado,14,0
1992-06-01,1992,6,2,1990s,28.3,27.6,0.7,0.3666666666666665,0.4,1.135,-0.46,Neutral,Neutral,Neutral,26,0
1992-07-01,1992,7,3,1990s,27.51,27.19,0.33,0.0899999999999999,0.1,1.091,-0.37,Neutral,Neutral,Neutral,26,0
1992-08-01,1992,8,3,1990s,26.91,26.84,0.07,-0.1333333333333334,-0.1,1.039,-0.26,Neutral,Neutral,Neutral,26,0
1992-09-01,1992,9,3,1990s,26.66,26.78,-0.13,-0.25,-0.3,0.998,-0.2,Neutral,Neutral,Neutral,26,0
1992-10-01,1992,10,4,1990s,26.42,26.76,-0.34,-0.2766666666666668,-0.3,0.902,-0.21,Neutral,Neutral,Neutral,26,0
1992-11-01,1992,11,4,1990s,26.42,26.7,-0.28,-0.1300000000000001,-0.1,0.779,0.06,Neutral,Neutral,Neutral,26,0
1992-12-01,1992,12,4,1990s,26.45,26.66,-0.21,0.0899999999999999,0.1,0.627,0.07,Neutral,Neutral,Neutral,26,0
1993-01-01,1993,1,1,1990s,26.7,26.59,0.1,0.2933333333333333,0.3,0.487,0.31,Neutral,Neutral,Neutral,26,0
1993-02-01,1993,2,1,1990s,27.17,26.79,0.38,0.4966666666666666,0.5,0.373,0.28,El Nino,Neutral,Neutral,26,0
1993-03-01,1993,3,1,1990s,27.68,27.28,0.4,0.6733333333333333,0.7,0.292,0.02,El Nino,Neutral,Neutral,26,0
1993-04-01,1993,4,2,1990s,28.41,27.7,0.71,0.6999999999999998,0.7,0.241,0.31,El Nino,Neutral,Neutral,26,0
1993-05-01,1993,5,2,1990s,28.71,27.8,0.91,0.5733333333333333,0.6,0.22,0.2,El Nino,Neutral,Neutral,26,0
1993-06-01,1993,6,2,1990s,28.08,27.6,0.48,0.3199999999999999,0.3,0.202,-0.43,Neutral,Neutral,Neutral,26,0
1993-07-01,1993,7,3,1990s,27.52,27.19,0.33,0.2566666666666666,0.3,0.202,-0.15,Neutral,Neutral,Neutral,26,0
1993-08-01,1993,8,3,1990s,26.99,26.84,0.15,0.1533333333333332,0.2,0.208,-0.18,Neutral,Neutral,Neutral,26,0
1993-09-01,1993,9,3,1990s,27.07,26.78,0.29,0.1066666666666666,0.1,0.243,0.14,Neutral,Neutral,Neutral,26,0
1993-10-01,1993,10,4,1990s,26.78,26.76,0.02,0.0433333333333332,0.0,0.273,-0.27,Neutral,Neutral,Neutral,26,0
1993-11-01,1993,11,4,1990s,26.71,26.7,0.01,0.0566666666666665,0.1,0.297,-0.01,Neutral,Neutral,Neutral,26,0
1993-12-01,1993,12,4,1990s,26.76,26.66,0.1,0.0633333333333332,0.1,0.323,0.09,Neutral,Neutral,Neutral,26,0
1994-01-01,1994,1,1,1990s,26.65,26.59,0.06,0.0666666666666666,0.1,0.32,-0.04,Neutral,Neutral,Neutral,26,0
1994-02-01,1994,2,1,1990s,26.82,26.79,0.03,0.1733333333333332,0.2,0.291,-0.03,Neutral,Neutral,Neutral,26,0
1994-03-01,1994,3,1,1990s,27.39,27.28,0.11,0.3066666666666666,0.3,0.267,0.08,Neutral,Neutral,Neutral,26,0
1994-04-01,1994,4,2,1990s,28.08,27.7,0.38,0.4166666666666666,0.4,0.239,0.27,Neutral,Neutral,Neutral,26,0
1994-05-01,1994,5,2,1990s,28.24,27.8,0.43,0.4066666666666665,0.4,0.199,0.05,Neutral,Neutral,Neutral,26,0
1994-06-01,1994,6,2,1990s,28.04,27.6,0.44,0.4433333333333333,0.4,0.196,0.01,Neutral,Neutral,Neutral,26,0
1994-07-01,1994,7,3,1990s,27.54,27.19,0.35,0.4333333333333333,0.4,0.197,-0.09,Neutral,Neutral,Neutral,26,0
1994-08-01,1994,8,3,1990s,27.38,26.84,0.54,0.5533333333333332,0.6,0.23,0.19,El Nino,El Nino,Debil,7,0
1994-09-01,1994,9,3,1990s,27.19,26.78,0.41,0.7433333333333333,0.7,0.24,-0.13,El Nino,El Nino,Debil,7,0
1994-10-01,1994,10,4,1990s,27.47,26.76,0.71,1.0033333333333332,1.0,0.297,0.3,El Nino,El Nino,Debil,7,0
1994-11-01,1994,11,4,1990s,27.81,26.7,1.11,1.0933333333333335,1.1,0.389,0.4,El Nino,El Nino,Moderado,7,0
1994-12-01,1994,12,4,1990s,27.85,26.66,1.19,0.96,1.0,0.48,0.08,El Nino,El Nino,Moderado,7,0
1995-01-01,1995,1,1,1990s,27.57,26.59,0.98,0.7233333333333333,0.7,0.557,-0.21,El Nino,El Nino,Debil,7,0
1995-02-01,1995,2,1,1990s,27.49,26.79,0.71,0.5333333333333333,0.5,0.613,-0.27,El Nino,El Nino,Debil,7,0
1995-03-01,1995,3,1,1990s,27.76,27.28,0.48,0.3033333333333333,0.3,0.644,-0.23,Neutral,Neutral,Neutral,4,0
1995-04-01,1995,4,2,1990s,28.11,27.7,0.41,0.1399999999999999,0.1,0.647,-0.07,Neutral,Neutral,Neutral,4,0
1995-05-01,1995,5,2,1990s,27.83,27.8,0.02,-0.0333333333333333,-0.0,0.612,-0.39,Neutral,Neutral,Neutral,4,0
1995-06-01,1995,6,2,1990s,27.59,27.6,-0.01,-0.2433333333333333,-0.2,0.575,-0.03,Neutral,Neutral,Neutral,4,0
1995-07-01,1995,7,3,1990s,27.08,27.19,-0.11,-0.54,-0.5,0.537,-0.1,La Nina,La Nina,Debil,8,0
1995-08-01,1995,8,3,1990s,26.23,26.84,-0.61,-0.8099999999999999,-0.8,0.441,-0.5,La Nina,La Nina,Debil,8,0
1995-09-01,1995,9,3,1990s,25.88,26.78,-0.9,-0.9733333333333332,-1.0,0.332,-0.29,La Nina,La Nina,Debil,8,0
1995-10-01,1995,10,4,1990s,25.84,26.76,-0.92,-1.0066666666666668,-1.0,0.196,-0.02,La Nina,La Nina,Debil,8,0
1995-11-01,1995,11,4,1990s,25.61,26.7,-1.1,-0.9866666666666668,-1.0,0.012,-0.18,La Nina,La Nina,Moderado,8,0
1995-12-01,1995,12,4,1990s,25.66,26.66,-1.0,-0.9033333333333332,-0.9,-0.171,0.1,La Nina,La Nina,Moderado,8,0
1996-01-01,1996,1,1,1990s,25.7,26.56,-0.86,-0.7566666666666667,-0.8,-0.324,0.14,La Nina,La Nina,Debil,8,0
1996-02-01,1996,2,1,1990s,25.91,26.75,-0.85,-0.59,-0.6,-0.454,0.01,La Nina,La Nina,Debil,8,0
1996-03-01,1996,3,1,1990s,26.69,27.24,-0.56,-0.3933333333333333,-0.4,-0.541,0.29,Neutral,Neutral,Neutral,13,0
1996-04-01,1996,4,2,1990s,27.36,27.72,-0.36,-0.3066666666666666,-0.3,-0.605,0.2,Neutral,Neutral,Neutral,13,0
1996-05-01,1996,5,2,1990s,27.55,27.81,-0.26,-0.2933333333333333,-0.3,-0.628,0.1,Neutral,Neutral,Neutral,13,0
1996-06-01,1996,6,2,1990s,27.29,27.59,-0.3,-0.2733333333333334,-0.3,-0.653,-0.04,Neutral,Neutral,Neutral,13,0
1996-07-01,1996,7,3,1990s,26.85,27.18,-0.32,-0.3233333333333333,-0.3,-0.67,-0.02,Neutral,Neutral,Neutral,13,0
1996-08-01,1996,8,3,1990s,26.64,26.83,-0.2,-0.35,-0.4,-0.636,0.12,Neutral,Neutral,Neutral,13,0
1996-09-01,1996,9,3,1990s,26.27,26.73,-0.45,-0.3966666666666667,-0.4,-0.598,-0.25,Neutral,Neutral,Neutral,13,0
1996-10-01,1996,10,4,1990s,26.27,26.67,-0.4,-0.45,-0.4,-0.555,0.05,Neutral,Neutral,Neutral,13,0
1996-11-01,1996,11,4,1990s,26.29,26.63,-0.34,-0.4966666666666666,-0.5,-0.492,0.06,La Nina,Neutral,Neutral,13,0
1996-12-01,1996,12,4,1990s,25.96,26.56,-0.61,-0.5033333333333333,-0.5,-0.459,-0.27,La Nina,Neutral,Neutral,13,0
1997-01-01,1997,1,1,1990s,26.02,26.56,-0.54,-0.3666666666666667,-0.4,-0.433,0.07,Neutral,Neutral,Neutral,13,0
1997-02-01,1997,2,1,1990s,26.39,26.75,-0.36,-0.0966666666666666,-0.1,-0.392,0.18,Neutral,Neutral,Neutral,13,0
1997-03-01,1997,3,1,1990s,27.05,27.24,-0.2,0.2766666666666666,0.3,-0.362,0.16,Neutral,Neutral,Neutral,13,0
1997-04-01,1997,4,2,1990s,27.99,27.72,0.27,0.75,0.8,-0.309,0.47,El Nino,El Nino,Debil,13,0
1997-05-01,1997,5,2,1990s,28.58,27.81,0.76,1.2166666666666666,1.2,-0.224,0.49,El Nino,El Nino,Debil,13,0
1997-06-01,1997,6,2,1990s,28.81,27.59,1.22,1.6,1.6,-0.098,0.46,El Nino,El Nino,Moderado,13,0
1997-07-01,1997,7,3,1990s,28.85,27.18,1.67,1.9,1.9,0.068,0.45,El Nino,El Nino,Fuerte,13,1
1997-08-01,1997,8,3,1990s,28.74,26.83,1.91,2.143333333333333,2.1,0.244,0.24,El Nino,El Nino,Fuerte,13,1
1997-09-01,1997,9,3,1990s,28.84,26.73,2.12,2.333333333333333,2.3,0.458,0.21,El Nino,El Nino,Muy fuerte,13,1
1997-10-01,1997,10,4,1990s,29.07,26.67,2.4,2.4,2.4,0.692,0.28,El Nino,El Nino,Muy fuerte,13,1
1997-11-01,1997,11,4,1990s,29.11,26.63,2.48,2.39,2.4,0.927,0.08,El Nino,El Nino,Muy fuerte,13,1
1997-12-01,1997,12,4,1990s,28.89,26.56,2.32,2.24,2.2,1.171,-0.16,El Nino,El Nino,Muy fuerte,13,1
1998-01-01,1998,1,1,1990s,28.93,26.56,2.37,1.9266666666666667,1.9,1.413,0.05,El Nino,El Nino,Muy fuerte,13,1
1998-02-01,1998,2,1,1990s,28.79,26.75,2.03,1.4366666666666663,1.4,1.612,-0.34,El Nino,El Nino,Muy fuerte,13,1
1998-03-01,1998,3,1,1990s,28.63,27.24,1.38,0.9933333333333332,1.0,1.744,-0.65,El Nino,El Nino,Moderado,13,0
1998-04-01,1998,4,2,1990s,28.61,27.72,0.9,0.4533333333333333,0.5,1.797,-0.48,El Nino,El Nino,Debil,13,0
1998-05-01,1998,5,2,1990s,28.52,27.81,0.7,-0.1333333333333333,-0.1,1.792,-0.2,Neutral,Neutral,Neutral,1,0
1998-06-01,1998,6,2,1990s,27.35,27.59,-0.24,-0.7833333333333333,-0.8,1.67,-0.94,La Nina,La Nina,Debil,32,0
1998-07-01,1998,7,3,1990s,26.32,27.18,-0.86,-1.1233333333333333,-1.1,1.459,-0.62,La Nina,La Nina,Debil,32,0
1998-08-01,1998,8,3,1990s,25.59,26.83,-1.25,-1.3066666666666666,-1.3,1.196,-0.39,La Nina,La Nina,Moderado,32,0
1998-09-01,1998,9,3,1990s,25.47,26.73,-1.26,-1.35,-1.3,0.914,-0.01,La Nina,La Nina,Moderado,32,0
1998-10-01,1998,10,4,1990s,25.26,26.67,-1.41,-1.4766666666666666,-1.5,0.597,-0.15,La Nina,La Nina,Moderado,32,0
1998-11-01,1998,11,4,1990s,25.25,26.63,-1.38,-1.57,-1.6,0.275,0.03,La Nina,La Nina,Moderado,32,0
1998-12-01,1998,12,4,1990s,24.92,26.56,-1.64,-1.5466666666666666,-1.5,-0.055,-0.26,La Nina,La Nina,Fuerte,32,1
1999-01-01,1999,1,1,1990s,24.87,26.56,-1.69,-1.3,-1.3,-0.393,-0.05,La Nina,La Nina,Fuerte,32,1
1999-02-01,1999,2,1,1990s,25.44,26.75,-1.31,-1.07,-1.1,-0.672,0.38,La Nina,La Nina,Moderado,32,0
1999-03-01,1999,3,1,1990s,26.34,27.24,-0.9,-0.9733333333333332,-1.0,-0.862,0.41,La Nina,La Nina,Debil,32,0
1999-04-01,1999,4,2,1990s,26.71,27.72,-1.0,-1.0233333333333334,-1.0,-1.02,-0.1,La Nina,La Nina,Moderado,32,0
1999-05-01,1999,5,2,1990s,26.79,27.81,-1.02,-1.04,-1.0,-1.163,-0.02,La Nina,La Nina,Moderado,32,0
1999-06-01,1999,6,2,1990s,26.54,27.59,-1.05,-1.096666666666667,-1.1,-1.231,-0.03,La Nina,La Nina,Moderado,32,0
1999-07-01,1999,7,3,1990s,26.13,27.18,-1.05,-1.11,-1.1,-1.247,0.0,La Nina,La Nina,Moderado,32,0
1999-08-01,1999,8,3,1990s,25.64,26.83,-1.19,-1.1566666666666667,-1.2,-1.242,-0.14,La Nina,La Nina,Moderado,32,0
1999-09-01,1999,9,3,1990s,25.63,26.73,-1.09,-1.26,-1.3,-1.228,0.1,La Nina,La Nina,Moderado,32,0
1999-10-01,1999,10,4,1990s,25.48,26.67,-1.19,-1.4633333333333336,-1.5,-1.209,-0.1,La Nina,La Nina,Moderado,32,0
1999-11-01,1999,11,4,1990s,25.13,26.63,-1.5,-1.6566666666666665,-1.7,-1.219,-0.31,La Nina,La Nina,Fuerte,32,1
1999-12-01,1999,12,4,1990s,24.87,26.56,-1.7,-1.6666666666666667,-1.7,-1.224,-0.2,La Nina,La Nina,Fuerte,32,1
2000-01-01,2000,1,1,2000s,24.79,26.56,-1.77,-1.41,-1.4,-1.231,-0.07,La Nina,La Nina,Fuerte,32,1
2000-02-01,2000,2,1,2000s,25.23,26.75,-1.53,-1.07,-1.1,-1.249,0.24,La Nina,La Nina,Fuerte,32,1
2000-03-01,2000,3,1,2000s,26.31,27.24,-0.93,-0.8066666666666668,-0.8,-1.252,0.6,La Nina,La Nina,Debil,32,0
2000-04-01,2000,4,2,2000s,26.96,27.72,-0.75,-0.71,-0.7,-1.231,0.18,La Nina,La Nina,Debil,32,0
2000-05-01,2000,5,2,2000s,27.08,27.81,-0.74,-0.6433333333333334,-0.6,-1.208,0.01,La Nina,La Nina,Debil,32,0
2000-06-01,2000,6,2,2000s,26.95,27.59,-0.64,-0.5533333333333335,-0.6,-1.173,0.1,La Nina,La Nina,Debil,32,0
2000-07-01,2000,7,3,2000s,26.63,27.18,-0.55,-0.5133333333333334,-0.5,-1.132,0.09,La Nina,La Nina,Debil,32,0
2000-08-01,2000,8,3,2000s,26.37,26.83,-0.47,-0.5466666666666667,-0.5,-1.072,0.08,La Nina,La Nina,Debil,32,0
2000-09-01,2000,9,3,2000s,26.2,26.73,-0.52,-0.6266666666666668,-0.6,-1.024,-0.05,La Nina,La Nina,Debil,32,0
2000-10-01,2000,10,4,2000s,26.02,26.67,-0.65,-0.7466666666666667,-0.7,-0.979,-0.13,La Nina,La Nina,Debil,32,0
2000-11-01,2000,11,4,2000s,25.92,26.63,-0.71,-0.7400000000000001,-0.7,-0.913,-0.06,La Nina,La Nina,Debil,32,0
2000-12-01,2000,12,4,2000s,25.69,26.56,-0.88,-0.6800000000000002,-0.7,-0.845,-0.17,La Nina,La Nina,Debil,32,0
2001-01-01,2001,1,1,2000s,25.82,26.45,-0.63,-0.5166666666666667,-0.5,-0.75,0.25,La Nina,La Nina,Debil,32,0
2001-02-01,2001,2,1,2000s,26.14,26.66,-0.53,-0.4366666666666667,-0.4,-0.667,0.1,Neutral,Neutral,Neutral,15,0
2001-03-01,2001,3,1,2000s,26.82,27.21,-0.39,-0.3400000000000001,-0.3,-0.622,0.14,Neutral,Neutral,Neutral,15,0
2001-04-01,2001,4,2,2000s,27.34,27.73,-0.39,-0.2466666666666667,-0.2,-0.592,0.0,Neutral,Neutral,Neutral,15,0
2001-05-01,2001,5,2,2000s,27.6,27.85,-0.24,-0.12,-0.1,-0.55,0.15,Neutral,Neutral,Neutral,15,0
2001-06-01,2001,6,2,2000s,27.54,27.65,-0.11,-0.0733333333333334,-0.1,-0.506,0.13,Neutral,Neutral,Neutral,15,0
2001-07-01,2001,7,3,2000s,27.25,27.26,-0.01,-0.1300000000000001,-0.1,-0.461,0.1,Neutral,Neutral,Neutral,15,0
2001-08-01,2001,8,3,2000s,26.8,26.91,-0.1,-0.1866666666666667,-0.2,-0.43,-0.09,Neutral,Neutral,Neutral,15,0
2001-09-01,2001,9,3,2000s,26.52,26.8,-0.28,-0.2900000000000001,-0.3,-0.41,-0.18,Neutral,Neutral,Neutral,15,0
2001-10-01,2001,10,4,2000s,26.57,26.75,-0.18,-0.3500000000000001,-0.4,-0.371,0.1,Neutral,Neutral,Neutral,15,0
2001-11-01,2001,11,4,2000s,26.34,26.75,-0.41,-0.3066666666666667,-0.3,-0.346,-0.23,Neutral,Neutral,Neutral,15,0
2001-12-01,2001,12,4,2000s,26.2,26.65,-0.46,-0.15,-0.2,-0.311,-0.05,Neutral,Neutral,Neutral,15,0
2002-01-01,2002,1,1,2000s,26.4,26.45,-0.05,0.0333333333333332,0.0,-0.263,0.41,Neutral,Neutral,Neutral,15,0
2002-02-01,2002,2,1,2000s,26.72,26.66,0.06,0.0899999999999999,0.1,-0.213,0.11,Neutral,Neutral,Neutral,15,0
2002-03-01,2002,3,1,2000s,27.3,27.21,0.09,0.2033333333333332,0.2,-0.173,0.03,Neutral,Neutral,Neutral,15,0
2002-04-01,2002,4,2,2000s,27.85,27.73,0.12,0.4366666666666667,0.4,-0.131,0.03,Neutral,Neutral,Neutral,15,0
2002-05-01,2002,5,2,2000s,28.24,27.85,0.4,0.6533333333333333,0.7,-0.078,0.28,El Nino,El Nino,Debil,9,0
2002-06-01,2002,6,2,2000s,28.44,27.65,0.79,0.79,0.8,-0.003,0.39,El Nino,El Nino,Debil,9,0
2002-07-01,2002,7,3,2000s,28.03,27.26,0.77,0.8633333333333333,0.9,0.062,-0.02,El Nino,El Nino,Debil,9,0
2002-08-01,2002,8,3,2000s,27.72,26.91,0.81,1.0066666666666666,1.0,0.138,0.04,El Nino,El Nino,Debil,9,0
2002-09-01,2002,9,3,2000s,27.81,26.8,1.01,1.2066666666666666,1.2,0.246,0.2,El Nino,El Nino,Moderado,9,0
2002-10-01,2002,10,4,2000s,27.96,26.75,1.2,1.3066666666666664,1.3,0.361,0.19,El Nino,El Nino,Moderado,9,0
2002-11-01,2002,11,4,2000s,28.16,26.75,1.41,1.14,1.1,0.512,0.21,El Nino,El Nino,Moderado,9,0
2002-12-01,2002,12,4,2000s,27.97,26.65,1.31,0.9166666666666664,0.9,0.66,-0.1,El Nino,El Nino,Moderado,9,0
2003-01-01,2003,1,1,2000s,27.16,26.45,0.7,0.6299999999999999,0.6,0.722,-0.61,El Nino,El Nino,Debil,9,0
2003-02-01,2003,2,1,2000s,27.4,26.66,0.74,0.3799999999999999,0.4,0.779,0.04,Neutral,Neutral,Neutral,16,0
2003-03-01,2003,3,1,2000s,27.66,27.21,0.45,-0.04,-0.0,0.809,-0.29,Neutral,Neutral,Neutral,16,0
2003-04-01,2003,4,2,2000s,27.69,27.73,-0.05,-0.26,-0.3,0.795,-0.5,Neutral,Neutral,Neutral,16,0
2003-05-01,2003,5,2,2000s,27.32,27.85,-0.52,-0.1633333333333334,-0.2,0.718,-0.47,Neutral,Neutral,Neutral,16,0
2003-06-01,2003,6,2,2000s,27.44,27.65,-0.21,0.0766666666666665,0.1,0.635,0.31,Neutral,Neutral,Neutral,16,0
2003-07-01,2003,7,3,2000s,27.5,27.26,0.24,0.2099999999999999,0.2,0.591,0.45,Neutral,Neutral,Neutral,16,0
2003-08-01,2003,8,3,2000s,27.11,26.91,0.2,0.2566666666666666,0.3,0.54,-0.04,Neutral,Neutral,Neutral,16,0
2003-09-01,2003,9,3,2000s,26.98,26.8,0.19,0.2866666666666666,0.3,0.472,-0.01,Neutral,Neutral,Neutral,16,0
2003-10-01,2003,10,4,2000s,27.14,26.75,0.38,0.3499999999999999,0.3,0.403,0.19,Neutral,Neutral,Neutral,16,0
2003-11-01,2003,11,4,2000s,27.04,26.75,0.29,0.3499999999999999,0.3,0.31,-0.09,Neutral,Neutral,Neutral,16,0
2003-12-01,2003,12,4,2000s,27.04,26.65,0.38,0.3666666666666665,0.4,0.232,0.09,Neutral,Neutral,Neutral,16,0
2004-01-01,2004,1,1,2000s,26.83,26.45,0.38,0.3099999999999999,0.3,0.206,0.0,Neutral,Neutral,Neutral,16,0
2004-02-01,2004,2,1,2000s,27.0,26.66,0.34,0.2366666666666666,0.2,0.172,-0.04,Neutral,Neutral,Neutral,16,0
2004-03-01,2004,3,1,2000s,27.41,27.21,0.21,0.1699999999999999,0.2,0.152,-0.13,Neutral,Neutral,Neutral,16,0
2004-04-01,2004,4,2,2000s,27.89,27.73,0.16,0.1666666666666666,0.2,0.17,-0.05,Neutral,Neutral,Neutral,16,0
2004-05-01,2004,5,2,2000s,27.99,27.85,0.14,0.2833333333333332,0.3,0.225,-0.02,Neutral,Neutral,Neutral,16,0
2004-06-01,2004,6,2,2000s,27.85,27.65,0.2,0.4699999999999999,0.5,0.259,0.06,El Nino,El Nino,Debil,8,0
2004-07-01,2004,7,3,2000s,27.77,27.26,0.51,0.6433333333333332,0.6,0.282,0.31,El Nino,El Nino,Debil,8,0
2004-08-01,2004,8,3,2000s,27.6,26.91,0.7,0.6999999999999998,0.7,0.323,0.19,El Nino,El Nino,Debil,8,0
2004-09-01,2004,9,3,2000s,27.52,26.8,0.72,0.6699999999999999,0.7,0.367,0.02,El Nino,El Nino,Debil,8,0
2004-10-01,2004,10,4,2000s,27.44,26.75,0.68,0.66,0.7,0.392,-0.04,El Nino,El Nino,Debil,8,0
2004-11-01,2004,11,4,2000s,27.36,26.75,0.61,0.6866666666666665,0.7,0.419,-0.07,El Nino,El Nino,Debil,8,0
2004-12-01,2004,12,4,2000s,27.34,26.65,0.69,0.6366666666666666,0.6,0.445,0.08,El Nino,El Nino,Debil,8,0
2005-01-01,2005,1,1,2000s,27.21,26.45,0.76,0.5833333333333334,0.6,0.477,0.07,El Nino,El Nino,Debil,8,0
2005-02-01,2005,2,1,2000s,27.12,26.66,0.46,0.4466666666666666,0.4,0.487,-0.3,Neutral,Neutral,Neutral,8,0
2005-03-01,2005,3,1,2000s,27.74,27.21,0.53,0.4233333333333333,0.4,0.513,0.07,Neutral,Neutral,Neutral,8,0
2005-04-01,2005,4,2,2000s,28.09,27.73,0.35,0.2866666666666667,0.3,0.529,-0.18,Neutral,Neutral,Neutral,8,0
2005-05-01,2005,5,2,2000s,28.24,27.85,0.39,0.1066666666666666,0.1,0.55,0.04,Neutral,Neutral,Neutral,8,0
2005-06-01,2005,6,2,2000s,27.77,27.65,0.12,-0.0566666666666666,-0.1,0.543,-0.27,Neutral,Neutral,Neutral,8,0
2005-07-01,2005,7,3,2000s,27.07,27.26,-0.19,-0.1333333333333333,-0.1,0.485,-0.31,Neutral,Neutral,Neutral,8,0
2005-08-01,2005,8,3,2000s,26.8,26.91,-0.1,-0.1033333333333333,-0.1,0.418,0.09,Neutral,Neutral,Neutral,8,0
2005-09-01,2005,9,3,2000s,26.68,26.8,-0.11,-0.2833333333333333,-0.3,0.349,-0.01,Neutral,Neutral,Neutral,8,0
2005-10-01,2005,10,4,2000s,26.65,26.75,-0.1,-0.57,-0.6,0.284,0.01,La Nina,La Nina,Debil,5,0
2005-11-01,2005,11,4,2000s,26.11,26.75,-0.64,-0.84,-0.8,0.18,-0.54,La Nina,La Nina,Debil,5,0
2005-12-01,2005,12,4,2000s,25.68,26.65,-0.97,-0.85,-0.8,0.042,-0.33,La Nina,La Nina,Debil,5,0
2006-01-01,2006,1,1,2000s,25.64,26.55,-0.91,-0.7633333333333333,-0.8,-0.098,0.06,La Nina,La Nina,Debil,5,0
2006-02-01,2006,2,1,2000s,26.09,26.76,-0.67,-0.5666666666666667,-0.6,-0.192,0.24,La Nina,La Nina,Debil,5,0
2006-03-01,2006,3,1,2000s,26.58,27.29,-0.71,-0.3733333333333333,-0.4,-0.295,-0.04,Neutral,Neutral,Neutral,5,0
2006-04-01,2006,4,2,2000s,27.51,27.83,-0.32,-0.1366666666666667,-0.1,-0.351,0.39,Neutral,Neutral,Neutral,5,0
2006-05-01,2006,5,2,2000s,27.85,27.94,-0.09,-0.0266666666666666,-0.0,-0.391,0.23,Neutral,Neutral,Neutral,5,0
2006-06-01,2006,6,2,2000s,27.73,27.73,0.0,0.1066666666666666,0.1,-0.401,0.09,Neutral,Neutral,Neutral,5,0
2006-07-01,2006,7,3,2000s,27.3,27.29,0.01,0.3066666666666666,0.3,-0.384,0.01,Neutral,Neutral,Neutral,5,0
2006-08-01,2006,8,3,2000s,27.16,26.86,0.31,0.5366666666666666,0.5,-0.35,0.3,El Nino,El Nino,Debil,5,0
2006-09-01,2006,9,3,2000s,27.32,26.72,0.6,0.7633333333333333,0.8,-0.291,0.29,El Nino,El Nino,Debil,5,0
2006-10-01,2006,10,4,2000s,27.42,26.72,0.7,0.9433333333333334,0.9,-0.224,0.1,El Nino,El Nino,Debil,5,0
2006-11-01,2006,11,4,2000s,27.7,26.7,0.99,0.9433333333333332,0.9,-0.088,0.29,El Nino,El Nino,Debil,5,0
2006-12-01,2006,12,4,2000s,27.74,26.6,1.14,0.6566666666666666,0.7,0.087,0.15,El Nino,El Nino,Moderado,5,0
2007-01-01,2007,1,1,2000s,27.25,26.55,0.7,0.2166666666666666,0.2,0.222,-0.44,Neutral,Neutral,Neutral,4,0
2007-02-01,2007,2,1,2000s,26.9,26.76,0.13,-0.12,-0.1,0.288,-0.57,Neutral,Neutral,Neutral,4,0
2007-03-01,2007,3,1,2000s,27.12,27.29,-0.18,-0.32,-0.3,0.332,-0.31,Neutral,Neutral,Neutral,4,0
2007-04-01,2007,4,2,2000s,27.51,27.83,-0.31,-0.38,-0.4,0.333,-0.13,Neutral,Neutral,Neutral,4,0
2007-05-01,2007,5,2,2000s,27.46,27.94,-0.47,-0.4733333333333333,-0.5,0.302,-0.16,La Nina,La Nina,Debil,13,0
2007-06-01,2007,6,2,2000s,27.37,27.73,-0.36,-0.5566666666666666,-0.6,0.272,0.11,La Nina,La Nina,Debil,13,0
2007-07-01,2007,7,3,2000s,26.7,27.29,-0.59,-0.8066666666666666,-0.8,0.222,-0.23,La Nina,La Nina,Debil,13,0
2007-08-01,2007,8,3,2000s,26.13,26.86,-0.72,-1.0733333333333333,-1.1,0.136,-0.13,La Nina,La Nina,Debil,13,0
2007-09-01,2007,9,3,2000s,25.61,26.72,-1.11,-1.3433333333333335,-1.3,-0.007,-0.39,La Nina,La Nina,Moderado,13,0
2007-10-01,2007,10,4,2000s,25.33,26.72,-1.39,-1.5,-1.5,-0.181,-0.28,La Nina,La Nina,Moderado,13,0
2007-11-01,2007,11,4,2000s,25.17,26.7,-1.53,-1.596666666666667,-1.6,-0.391,-0.14,La Nina,La Nina,Fuerte,13,1
2007-12-01,2007,12,4,2000s,25.02,26.6,-1.58,-1.64,-1.6,-0.618,-0.05,La Nina,La Nina,Fuerte,13,1
2008-01-01,2008,1,1,2000s,24.87,26.55,-1.68,-1.5166666666666666,-1.5,-0.816,-0.1,La Nina,La Nina,Fuerte,13,1
2008-02-01,2008,2,1,2000s,25.1,26.76,-1.66,-1.2866666666666668,-1.3,-0.965,0.02,La Nina,La Nina,Fuerte,13,1
2008-03-01,2008,3,1,2000s,26.09,27.29,-1.21,-1.0133333333333334,-1.0,-1.051,0.45,La Nina,La Nina,Moderado,13,0
2008-04-01,2008,4,2,2000s,26.84,27.83,-0.99,-0.8366666666666666,-0.8,-1.108,0.22,La Nina,La Nina,Debil,13,0
2008-05-01,2008,5,2,2000s,27.09,27.94,-0.84,-0.6066666666666667,-0.6,-1.138,0.15,La Nina,La Nina,Debil,13,0
2008-06-01,2008,6,2,2000s,27.04,27.73,-0.68,-0.37,-0.4,-1.165,0.16,Neutral,Neutral,Neutral,4,0
2008-07-01,2008,7,3,2000s,26.99,27.29,-0.3,-0.2266666666666666,-0.2,-1.141,0.38,Neutral,Neutral,Neutral,4,0
2008-08-01,2008,8,3,2000s,26.72,26.86,-0.13,-0.2433333333333333,-0.2,-1.092,0.17,Neutral,Neutral,Neutral,4,0
2008-09-01,2008,9,3,2000s,26.47,26.72,-0.25,-0.3533333333333333,-0.4,-1.02,-0.12,Neutral,Neutral,Neutral,4,0
2008-10-01,2008,10,4,2000s,26.37,26.72,-0.35,-0.5566666666666666,-0.6,-0.933,-0.1,La Nina,La Nina,Debil,5,0
2008-11-01,2008,11,4,2000s,26.25,26.7,-0.46,-0.7366666666666667,-0.7,-0.844,-0.11,La Nina,La Nina,Debil,5,0
2008-12-01,2008,12,4,2000s,25.74,26.6,-0.86,-0.8466666666666667,-0.8,-0.784,-0.4,La Nina,La Nina,Debil,5,0
2009-01-01,2009,1,1,2000s,25.67,26.55,-0.89,-0.7933333333333333,-0.8,-0.718,-0.03,La Nina,La Nina,Debil,5,0
2009-02-01,2009,2,1,2000s,25.97,26.76,-0.79,-0.6133333333333333,-0.6,-0.646,0.1,La Nina,La Nina,Debil,5,0
2009-03-01,2009,3,1,2000s,26.6,27.29,-0.7,-0.3299999999999999,-0.3,-0.603,0.09,Neutral,Neutral,Neutral,4,0
2009-04-01,2009,4,2,2000s,27.48,27.83,-0.35,0.0066666666666666,0.0,-0.55,0.35,Neutral,Neutral,Neutral,4,0
2009-05-01,2009,5,2,2000s,27.99,27.94,0.06,0.2833333333333333,0.3,-0.475,0.41,Neutral,Neutral,Neutral,4,0
2009-06-01,2009,6,2,2000s,28.04,27.73,0.31,0.45,0.4,-0.393,0.25,Neutral,Neutral,Neutral,4,0
2009-07-01,2009,7,3,2000s,27.77,27.29,0.48,0.5733333333333334,0.6,-0.328,0.17,El Nino,El Nino,Debil,8,0
2009-08-01,2009,8,3,2000s,27.42,26.86,0.56,0.71,0.7,-0.27,0.08,El Nino,El Nino,Debil,8,0
2009-09-01,2009,9,3,2000s,27.4,26.72,0.68,1.0066666666666666,1.0,-0.193,0.12,El Nino,El Nino,Debil,8,0
2009-10-01,2009,10,4,2000s,27.61,26.72,0.89,1.356666666666667,1.4,-0.089,0.21,El Nino,El Nino,Debil,8,0
2009-11-01,2009,11,4,2000s,28.15,26.7,1.45,1.5633333333333337,1.6,0.07,0.56,El Nino,El Nino,Moderado,8,0
2009-12-01,2009,12,4,2000s,28.33,26.6,1.73,1.4966666666666668,1.5,0.286,0.28,El Nino,El Nino,Fuerte,8,1
2010-01-01,2010,1,1,2010s,28.06,26.55,1.51,1.22,1.2,0.486,-0.22,El Nino,El Nino,Fuerte,8,1
2010-02-01,2010,2,1,2010s,28.01,26.76,1.25,0.8433333333333334,0.8,0.656,-0.26,El Nino,El Nino,Moderado,8,0
2010-03-01,2010,3,1,2010s,28.19,27.29,0.9,0.3533333333333333,0.4,0.789,-0.35,Neutral,Neutral,Neutral,2,0
2010-04-01,2010,4,2,2010s,28.21,27.83,0.38,-0.1766666666666666,-0.2,0.85,-0.52,Neutral,Neutral,Neutral,2,0
2010-05-01,2010,5,2,2010s,27.72,27.94,-0.22,-0.66,-0.7,0.827,-0.6,La Nina,La Nina,Debil,12,0
2010-06-01,2010,6,2,2010s,27.04,27.73,-0.69,-1.0466666666666666,-1.0,0.743,-0.47,La Nina,La Nina,Debil,12,0
2010-07-01,2010,7,3,2010s,26.22,27.29,-1.07,-1.346666666666667,-1.3,0.614,-0.38,La Nina,La Nina,Moderado,12,0
2010-08-01,2010,8,3,2010s,25.47,26.86,-1.38,-1.5533333333333337,-1.6,0.452,-0.31,La Nina,La Nina,Moderado,12,0
2010-09-01,2010,9,3,2010s,25.12,26.72,-1.59,-1.64,-1.6,0.263,-0.21,La Nina,La Nina,Fuerte,12,1
2010-10-01,2010,10,4,2010s,25.03,26.72,-1.69,-1.643333333333333,-1.6,0.048,-0.1,La Nina,La Nina,Fuerte,12,1
2010-11-01,2010,11,4,2010s,25.06,26.7,-1.64,-1.5366666666666668,-1.5,-0.209,0.05,La Nina,La Nina,Fuerte,12,1
2010-12-01,2010,12,4,2010s,25.0,26.6,-1.6,-1.3066666666666669,-1.3,-0.487,0.04,La Nina,La Nina,Fuerte,12,1
2011-01-01,2011,1,1,2010s,25.01,26.38,-1.37,-1.0433333333333334,-1.0,-0.727,0.23,La Nina,La Nina,Moderado,12,0
2011-02-01,2011,2,1,2010s,25.66,26.61,-0.95,-0.7999999999999999,-0.8,-0.91,0.42,La Nina,La Nina,Debil,12,0
2011-03-01,2011,3,1,2010s,26.38,27.19,-0.81,-0.62,-0.6,-1.053,0.14,La Nina,La Nina,Debil,12,0
2011-04-01,2011,4,2,2010s,27.07,27.71,-0.64,-0.4566666666666667,-0.5,-1.138,0.17,La Nina,La Nina,Debil,12,0
2011-05-01,2011,5,2,2010s,27.41,27.83,-0.41,-0.3699999999999999,-0.4,-1.153,0.23,Neutral,Neutral,Neutral,2,0
2011-06-01,2011,6,2,2010s,27.35,27.67,-0.32,-0.4333333333333333,-0.4,-1.122,0.09,Neutral,Neutral,Neutral,2,0
2011-07-01,2011,7,3,2010s,26.87,27.25,-0.38,-0.58,-0.6,-1.065,-0.06,La Nina,La Nina,Debil,8,0
2011-08-01,2011,8,3,2010s,26.21,26.81,-0.6,-0.7866666666666666,-0.8,-1.0,-0.22,La Nina,La Nina,Debil,8,0
2011-09-01,2011,9,3,2010s,25.92,26.68,-0.76,-0.96,-1.0,-0.931,-0.16,La Nina,La Nina,Debil,8,0
2011-10-01,2011,10,4,2010s,25.67,26.67,-1.0,-1.0233333333333334,-1.0,-0.873,-0.24,La Nina,La Nina,Moderado,8,0
2011-11-01,2011,11,4,2010s,25.52,26.65,-1.12,-0.9233333333333336,-0.9,-0.83,-0.12,La Nina,La Nina,Moderado,8,0
2011-12-01,2011,12,4,2010s,25.55,26.5,-0.95,-0.7233333333333333,-0.7,-0.776,0.17,La Nina,La Nina,Debil,8,0
2012-01-01,2012,1,1,2010s,25.68,26.38,-0.7,-0.5733333333333334,-0.6,-0.72,0.25,La Nina,La Nina,Debil,8,0
2012-02-01,2012,2,1,2010s,26.1,26.61,-0.52,-0.4633333333333334,-0.5,-0.684,0.18,La Nina,La Nina,Debil,8,0
2012-03-01,2012,3,1,2010s,26.69,27.19,-0.5,-0.36,-0.4,-0.658,0.02,Neutral,Neutral,Neutral,30,0
2012-04-01,2012,4,2,2010s,27.33,27.71,-0.37,-0.1666666666666666,-0.2,-0.636,0.13,Neutral,Neutral,Neutral,30,0
2012-05-01,2012,5,2,2010s,27.62,27.83,-0.21,0.0566666666666666,0.1,-0.619,0.16,Neutral,Neutral,Neutral,30,0
2012-06-01,2012,6,2,2010s,27.75,27.67,0.08,0.2966666666666667,0.3,-0.586,0.29,Neutral,Neutral,Neutral,30,0
2012-07-01,2012,7,3,2010s,27.54,27.25,0.3,0.41,0.4,-0.529,0.22,Neutral,Neutral,Neutral,30,0
2012-08-01,2012,8,3,2010s,27.32,26.81,0.51,0.4133333333333333,0.4,-0.437,0.21,Neutral,Neutral,Neutral,30,0
2012-09-01,2012,9,3,2010s,27.1,26.68,0.42,0.3133333333333333,0.3,-0.338,-0.09,Neutral,Neutral,Neutral,30,0
2012-10-01,2012,10,4,2010s,26.98,26.67,0.31,0.1233333333333333,0.1,-0.229,-0.11,Neutral,Neutral,Neutral,30,0
2012-11-01,2012,11,4,2010s,26.86,26.65,0.21,-0.0999999999999999,-0.1,-0.118,-0.1,Neutral,Neutral,Neutral,30,0
2012-12-01,2012,12,4,2010s,26.35,26.5,-0.15,-0.29,-0.3,-0.052,-0.36,Neutral,Neutral,Neutral,30,0
2013-01-01,2013,1,1,2010s,26.02,26.38,-0.36,-0.29,-0.3,-0.023,-0.21,Neutral,Neutral,Neutral,30,0
2013-02-01,2013,2,1,2010s,26.25,26.61,-0.36,-0.2133333333333333,-0.2,-0.01,0.0,Neutral,Neutral,Neutral,30,0
2013-03-01,2013,3,1,2010s,27.04,27.19,-0.15,-0.1899999999999999,-0.2,0.019,0.21,Neutral,Neutral,Neutral,30,0
2013-04-01,2013,4,2,2010s,27.58,27.71,-0.13,-0.2633333333333333,-0.3,0.039,0.02,Neutral,Neutral,Neutral,30,0
2013-05-01,2013,5,2,2010s,27.53,27.83,-0.29,-0.3333333333333333,-0.3,0.032,-0.16,Neutral,Neutral,Neutral,30,0
2013-06-01,2013,6,2,2010s,27.3,27.67,-0.37,-0.35,-0.4,-0.005,-0.08,Neutral,Neutral,Neutral,30,0
2013-07-01,2013,7,3,2010s,26.9,27.25,-0.34,-0.2766666666666666,-0.3,-0.058,0.03,Neutral,Neutral,Neutral,30,0
2013-08-01,2013,8,3,2010s,26.47,26.81,-0.34,-0.2133333333333333,-0.2,-0.129,0.0,Neutral,Neutral,Neutral,30,0
2013-09-01,2013,9,3,2010s,26.53,26.68,-0.15,-0.13,-0.1,-0.177,0.19,Neutral,Neutral,Neutral,30,0
2013-10-01,2013,10,4,2010s,26.52,26.67,-0.15,-0.0999999999999999,-0.1,-0.215,0.0,Neutral,Neutral,Neutral,30,0
2013-11-01,2013,11,4,2010s,26.56,26.65,-0.09,-0.1566666666666666,-0.2,-0.24,0.06,Neutral,Neutral,Neutral,30,0
2013-12-01,2013,12,4,2010s,26.43,26.5,-0.06,-0.28,-0.3,-0.233,0.03,Neutral,Neutral,Neutral,30,0
2014-01-01,2014,1,1,2010s,26.06,26.38,-0.32,-0.3166666666666667,-0.3,-0.229,-0.26,Neutral,Neutral,Neutral,30,0
2014-02-01,2014,2,1,2010s,26.15,26.61,-0.46,-0.14,-0.1,-0.238,-0.14,Neutral,Neutral,Neutral,30,0
2014-03-01,2014,3,1,2010s,27.02,27.19,-0.17,0.1566666666666666,0.2,-0.239,0.29,Neutral,Neutral,Neutral,30,0
2014-04-01,2014,4,2,2010s,27.91,27.71,0.21,0.31,0.3,-0.211,0.38,Neutral,Neutral,Neutral,30,0
2014-05-01,2014,5,2,2010s,28.26,27.83,0.43,0.2366666666666666,0.2,-0.151,0.22,Neutral,Neutral,Neutral,30,0
2014-06-01,2014,6,2,2010s,27.96,27.67,0.29,0.0999999999999999,0.1,-0.096,-0.14,Neutral,Neutral,Neutral,30,0
2014-07-01,2014,7,3,2010s,27.23,27.25,-0.01,0.1133333333333333,0.1,-0.068,-0.3,Neutral,Neutral,Neutral,30,0
2014-08-01,2014,8,3,2010s,26.83,26.81,0.02,0.2799999999999999,0.3,-0.038,0.03,Neutral,Neutral,Neutral,30,0
2014-09-01,2014,9,3,2010s,27.01,26.68,0.33,0.5433333333333333,0.5,0.002,0.31,El Nino,El Nino,Debil,20,0
2014-10-01,2014,10,4,2010s,27.16,26.67,0.49,0.7066666666666667,0.7,0.055,0.16,El Nino,El Nino,Debil,20,0
2014-11-01,2014,11,4,2010s,27.46,26.65,0.81,0.77,0.8,0.13,0.32,El Nino,El Nino,Debil,20,0
2014-12-01,2014,12,4,2010s,27.32,26.5,0.82,0.69,0.7,0.203,0.01,El Nino,El Nino,Debil,20,0
2015-01-01,2015,1,1,2010s,27.06,26.38,0.68,0.6066666666666666,0.6,0.287,-0.14,El Nino,El Nino,Debil,20,0
2015-02-01,2015,2,1,2010s,27.18,26.61,0.57,0.6533333333333332,0.7,0.372,-0.11,El Nino,El Nino,Debil,20,0
2015-03-01,2015,3,1,2010s,27.77,27.19,0.57,0.8066666666666666,0.8,0.434,0.0,El Nino,El Nino,Debil,20,0
2015-04-01,2015,4,2,2010s,28.53,27.71,0.82,1.0266666666666666,1.0,0.485,0.25,El Nino,El Nino,Debil,20,0
2015-05-01,2015,5,2,2010s,28.85,27.83,1.03,1.2533333333333332,1.3,0.535,0.21,El Nino,El Nino,Moderado,20,0
2015-06-01,2015,6,2,2010s,28.9,27.67,1.23,1.5666666666666664,1.6,0.613,0.2,El Nino,El Nino,Moderado,20,0
2015-07-01,2015,7,3,2010s,28.75,27.25,1.5,1.903333333333333,1.9,0.739,0.27,El Nino,El Nino,Fuerte,20,1
2015-08-01,2015,8,3,2010s,28.78,26.81,1.97,2.2066666666666666,2.2,0.902,0.47,El Nino,El Nino,Fuerte,20,1
2015-09-01,2015,9,3,2010s,28.92,26.68,2.24,2.473333333333333,2.5,1.061,0.27,El Nino,El Nino,Muy fuerte,20,1
2015-10-01,2015,10,4,2010s,29.07,26.67,2.41,2.6466666666666665,2.6,1.221,0.17,El Nino,El Nino,Muy fuerte,20,1
2015-11-01,2015,11,4,2010s,29.41,26.65,2.77,2.7533333333333334,2.8,1.384,0.36,El Nino,El Nino,Muy fuerte,20,1
2015-12-01,2015,12,4,2010s,29.26,26.5,2.76,2.626666666666667,2.6,1.546,-0.01,El Nino,El Nino,Muy fuerte,20,1
2016-01-01,2016,1,1,2010s,29.11,26.38,2.73,2.276666666666667,2.3,1.717,-0.03,El Nino,El Nino,Muy fuerte,20,1
2016-02-01,2016,2,1,2010s,29.0,26.61,2.39,1.7066666666666668,1.7,1.868,-0.34,El Nino,El Nino,Muy fuerte,20,1
2016-03-01,2016,3,1,2010s,28.9,27.19,1.71,1.0466666666666666,1.0,1.963,-0.68,El Nino,El Nino,Fuerte,20,1
2016-04-01,2016,4,2,2010s,28.73,27.71,1.02,0.4866666666666666,0.5,1.98,-0.69,El Nino,El Nino,Moderado,20,0
2016-05-01,2016,5,2,2010s,28.24,27.83,0.41,0.0033333333333333,0.0,1.928,-0.61,Neutral,Neutral,Neutral,2,0
2016-06-01,2016,6,2,2010s,27.7,27.67,0.03,-0.31,-0.3,1.828,-0.38,Neutral,Neutral,Neutral,2,0
2016-07-01,2016,7,3,2010s,26.82,27.25,-0.43,-0.4966666666666666,-0.5,1.668,-0.46,La Nina,La Nina,Debil,5,0
2016-08-01,2016,8,3,2010s,26.28,26.81,-0.53,-0.5833333333333334,-0.6,1.459,-0.1,La Nina,La Nina,Debil,5,0
2016-09-01,2016,9,3,2010s,26.15,26.68,-0.53,-0.6399999999999999,-0.6,1.228,0.0,La Nina,La Nina,Debil,5,0
2016-10-01,2016,10,4,2010s,25.98,26.67,-0.69,-0.5966666666666666,-0.6,0.97,-0.16,La Nina,La Nina,Debil,5,0
2016-11-01,2016,11,4,2010s,25.95,26.65,-0.7,-0.4533333333333333,-0.5,0.681,-0.01,La Nina,La Nina,Debil,5,0
2016-12-01,2016,12,4,2010s,26.1,26.5,-0.4,-0.1966666666666666,-0.2,0.418,0.3,Neutral,Neutral,Neutral,9,0
2017-01-01,2017,1,1,2010s,26.12,26.38,-0.26,-0.0199999999999999,-0.0,0.168,0.14,Neutral,Neutral,Neutral,9,0
2017-02-01,2017,2,1,2010s,26.68,26.61,0.07,0.1766666666666667,0.2,-0.025,0.33,Neutral,Neutral,Neutral,9,0
2017-03-01,2017,3,1,2010s,27.33,27.19,0.13,0.31,0.3,-0.157,0.06,Neutral,Neutral,Neutral,9,0
2017-04-01,2017,4,2,2010s,28.04,27.71,0.33,0.3966666666666667,0.4,-0.214,0.2,Neutral,Neutral,Neutral,9,0
2017-05-01,2017,5,2,2010s,28.3,27.83,0.47,0.3833333333333333,0.4,-0.209,0.14,Neutral,Neutral,Neutral,9,0
2017-06-01,2017,6,2,2010s,28.06,27.67,0.39,0.19,0.2,-0.179,-0.08,Neutral,Neutral,Neutral,9,0
2017-07-01,2017,7,3,2010s,27.54,27.25,0.29,-0.0699999999999999,-0.1,-0.119,-0.1,Neutral,Neutral,Neutral,9,0
2017-08-01,2017,8,3,2010s,26.7,26.81,-0.11,-0.3366666666666666,-0.3,-0.084,-0.4,Neutral,Neutral,Neutral,9,0
2017-09-01,2017,9,3,2010s,26.29,26.68,-0.39,-0.6,-0.6,-0.073,-0.28,La Nina,La Nina,Debil,6,0
2017-10-01,2017,10,4,2010s,26.15,26.67,-0.51,-0.7633333333333333,-0.8,-0.058,-0.12,La Nina,La Nina,Debil,6,0
2017-11-01,2017,11,4,2010s,25.74,26.65,-0.9,-0.8633333333333333,-0.9,-0.074,-0.39,La Nina,La Nina,Debil,6,0
2017-12-01,2017,12,4,2010s,25.62,26.5,-0.88,-0.7733333333333333,-0.8,-0.114,0.02,La Nina,La Nina,Debil,6,0
2018-01-01,2018,1,1,2010s,25.57,26.38,-0.81,-0.7133333333333334,-0.7,-0.16,0.07,La Nina,La Nina,Debil,6,0
2018-02-01,2018,2,1,2010s,25.98,26.61,-0.63,-0.5733333333333334,-0.6,-0.218,0.18,La Nina,La Nina,Debil,6,0
2018-03-01,2018,3,1,2010s,26.5,27.19,-0.7,-0.3933333333333333,-0.4,-0.288,-0.07,Neutral,Neutral,Neutral,5,0
2018-04-01,2018,4,2,2010s,27.32,27.71,-0.39,-0.1266666666666666,-0.1,-0.348,0.31,Neutral,Neutral,Neutral,5,0
2018-05-01,2018,5,2,2010s,27.74,27.83,-0.09,0.06,0.1,-0.394,0.3,Neutral,Neutral,Neutral,5,0
2018-06-01,2018,6,2,2010s,27.77,27.67,0.1,0.1366666666666667,0.1,-0.418,0.19,Neutral,Neutral,Neutral,5,0
2018-07-01,2018,7,3,2010s,27.42,27.25,0.17,0.2733333333333334,0.3,-0.428,0.07,Neutral,Neutral,Neutral,5,0
2018-08-01,2018,8,3,2010s,26.95,26.81,0.14,0.5333333333333333,0.5,-0.408,-0.03,El Nino,El Nino,Debil,10,0
2018-09-01,2018,9,3,2010s,27.19,26.68,0.51,0.8066666666666666,0.8,-0.333,0.37,El Nino,El Nino,Debil,10,0
2018-10-01,2018,10,4,2010s,27.62,26.67,0.95,0.9666666666666668,1.0,-0.211,0.44,El Nino,El Nino,Debil,10,0
2018-11-01,2018,11,4,2010s,27.61,26.65,0.96,0.9233333333333332,0.9,-0.056,0.01,El Nino,El Nino,Debil,10,0
2018-12-01,2018,12,4,2010s,27.49,26.5,0.99,0.89,0.9,0.1,0.03,El Nino,El Nino,Debil,10,0
2019-01-01,2019,1,1,2010s,27.2,26.38,0.82,0.8633333333333334,0.9,0.236,-0.17,El Nino,El Nino,Debil,10,0
2019-02-01,2019,2,1,2010s,27.48,26.61,0.86,0.8366666666666668,0.8,0.36,0.04,El Nino,El Nino,Debil,10,0
2019-03-01,2019,3,1,2010s,28.1,27.19,0.91,0.7700000000000001,0.8,0.494,0.05,El Nino,El Nino,Debil,10,0
2019-04-01,2019,4,2,2010s,28.45,27.71,0.74,0.6366666666666667,0.6,0.588,-0.17,El Nino,El Nino,Debil,10,0
2019-05-01,2019,5,2,2010s,28.49,27.83,0.66,0.5233333333333334,0.5,0.651,-0.08,El Nino,El Nino,Debil,10,0
2019-06-01,2019,6,2,2010s,28.18,27.67,0.51,0.3333333333333334,0.3,0.685,-0.15,Neutral,Neutral,Neutral,4,0
2019-07-01,2019,7,3,2010s,27.64,27.25,0.4,0.1866666666666667,0.2,0.704,-0.11,Neutral,Neutral,Neutral,4,0
2019-08-01,2019,8,3,2010s,26.9,26.81,0.09,0.23,0.2,0.7,-0.31,Neutral,Neutral,Neutral,4,0
2019-09-01,2019,9,3,2010s,26.75,26.68,0.07,0.3933333333333333,0.4,0.663,-0.02,Neutral,Neutral,Neutral,4,0
2019-10-01,2019,10,4,2010s,27.2,26.67,0.53,0.5800000000000001,0.6,0.628,0.46,El Nino,El Nino,Debil,5,0
2019-11-01,2019,11,4,2010s,27.23,26.65,0.58,0.6633333333333334,0.7,0.597,0.05,El Nino,El Nino,Debil,5,0
2019-12-01,2019,12,4,2010s,27.12,26.5,0.63,0.6433333333333334,0.6,0.567,0.05,El Nino,El Nino,Debil,5,0
2020-01-01,2020,1,1,2020s,27.16,26.38,0.78,0.6266666666666667,0.6,0.563,0.15,El Nino,El Nino,Debil,5,0
2020-02-01,2020,2,1,2020s,27.13,26.61,0.52,0.5266666666666667,0.5,0.535,-0.26,El Nino,El Nino,Debil,5,0
2020-03-01,2020,3,1,2020s,27.77,27.19,0.58,0.3,0.3,0.507,0.06,Neutral,Neutral,Neutral,4,0
2020-04-01,2020,4,2,2020s,28.19,27.71,0.48,0.0133333333333333,0.0,0.486,-0.1,Neutral,Neutral,Neutral,4,0
2020-05-01,2020,5,2,2020s,27.66,27.83,-0.16,-0.2299999999999999,-0.2,0.418,-0.64,Neutral,Neutral,Neutral,4,0
2020-06-01,2020,6,2,2020s,27.39,27.67,-0.28,-0.3566666666666666,-0.4,0.352,-0.12,Neutral,Neutral,Neutral,4,0
2020-07-01,2020,7,3,2020s,26.99,27.25,-0.25,-0.5266666666666667,-0.5,0.297,0.03,La Nina,La Nina,Debil,9,0
2020-08-01,2020,8,3,2020s,26.27,26.81,-0.54,-0.8433333333333333,-0.8,0.245,-0.29,La Nina,La Nina,Debil,9,0
2020-09-01,2020,9,3,2020s,25.89,26.68,-0.79,-1.1166666666666665,-1.1,0.173,-0.25,La Nina,La Nina,Debil,9,0
2020-10-01,2020,10,4,2020s,25.46,26.67,-1.2,-1.2033333333333334,-1.2,0.029,-0.41,La Nina,La Nina,Moderado,9,0
2020-11-01,2020,11,4,2020s,25.28,26.65,-1.36,-1.0766666666666669,-1.1,-0.133,-0.16,La Nina,La Nina,Moderado,9,0
2020-12-01,2020,12,4,2020s,25.45,26.5,-1.05,-0.9066666666666666,-0.9,-0.273,0.31,La Nina,La Nina,Moderado,9,0
2021-01-01,2021,1,1,2020s,25.56,26.38,-0.82,-0.7866666666666665,-0.8,-0.406,0.23,La Nina,La Nina,Debil,9,0
2021-02-01,2021,2,1,2020s,25.76,26.61,-0.85,-0.7133333333333333,-0.7,-0.52,-0.03,La Nina,La Nina,Debil,9,0
2021-03-01,2021,3,1,2020s,26.5,27.19,-0.69,-0.5466666666666665,-0.5,-0.626,0.16,La Nina,La Nina,Debil,9,0
2021-04-01,2021,4,2,2020s,27.11,27.71,-0.6,-0.3899999999999999,-0.4,-0.716,0.09,Neutral,Neutral,Neutral,4,0
2021-05-01,2021,5,2,2020s,27.48,27.83,-0.35,-0.3033333333333333,-0.3,-0.732,0.25,Neutral,Neutral,Neutral,4,0
2021-06-01,2021,6,2,2020s,27.45,27.67,-0.22,-0.3466666666666666,-0.3,-0.727,0.13,Neutral,Neutral,Neutral,4,0
2021-07-01,2021,7,3,2020s,26.9,27.25,-0.34,-0.4466666666666666,-0.4,-0.734,-0.12,Neutral,Neutral,Neutral,4,0
2021-08-01,2021,8,3,2020s,26.32,26.81,-0.48,-0.6299999999999999,-0.6,-0.729,-0.14,La Nina,La Nina,Debil,17,0
2021-09-01,2021,9,3,2020s,26.16,26.68,-0.52,-0.7666666666666666,-0.8,-0.707,-0.04,La Nina,La Nina,Debil,17,0
2021-10-01,2021,10,4,2020s,25.78,26.67,-0.89,-0.9133333333333332,-0.9,-0.681,-0.37,La Nina,La Nina,Debil,17,0
2021-11-01,2021,11,4,2020s,25.76,26.65,-0.89,-0.8733333333333332,-0.9,-0.642,0.0,La Nina,La Nina,Debil,17,0
2021-12-01,2021,12,4,2020s,25.54,26.5,-0.96,-0.8233333333333333,-0.8,-0.634,-0.07,La Nina,La Nina,Debil,17,0
2022-01-01,2022,1,1,2020s,25.61,26.38,-0.77,-0.7933333333333333,-0.8,-0.63,0.19,La Nina,La Nina,Debil,17,0
2022-02-01,2022,2,1,2020s,25.88,26.61,-0.74,-0.8666666666666666,-0.9,-0.621,0.03,La Nina,La Nina,Debil,17,0
2022-03-01,2022,3,1,2020s,26.33,27.19,-0.87,-0.9533333333333333,-1.0,-0.636,-0.13,La Nina,La Nina,Debil,17,0
2022-04-01,2022,4,2,2020s,26.72,27.71,-0.99,-0.8933333333333332,-0.9,-0.668,-0.12,La Nina,La Nina,Debil,17,0
2022-05-01,2022,5,2,2020s,26.83,27.83,-1.0,-0.7799999999999999,-0.8,-0.723,-0.01,La Nina,La Nina,Moderado,17,0
2022-06-01,2022,6,2,2020s,26.98,27.67,-0.69,-0.7566666666666665,-0.8,-0.762,0.31,La Nina,La Nina,Debil,17,0
2022-07-01,2022,7,3,2020s,26.6,27.25,-0.65,-0.87,-0.9,-0.788,0.04,La Nina,La Nina,Debil,17,0
2022-08-01,2022,8,3,2020s,25.88,26.81,-0.93,-0.9666666666666668,-1.0,-0.825,-0.28,La Nina,La Nina,Debil,17,0
2022-09-01,2022,9,3,2020s,25.65,26.68,-1.03,-0.94,-0.9,-0.868,-0.1,La Nina,La Nina,Moderado,17,0
2022-10-01,2022,10,4,2020s,25.73,26.67,-0.94,-0.8466666666666666,-0.8,-0.872,0.09,La Nina,La Nina,Debil,17,0
2022-11-01,2022,11,4,2020s,25.8,26.65,-0.85,-0.7166666666666667,-0.7,-0.868,0.09,La Nina,La Nina,Debil,17,0
2022-12-01,2022,12,4,2020s,25.75,26.5,-0.75,-0.5366666666666665,-0.5,-0.851,0.1,La Nina,La Nina,Debil,17,0
2023-01-01,2023,1,1,2020s,25.83,26.38,-0.55,-0.2899999999999999,-0.3,-0.832,0.2,Neutral,Neutral,Neutral,3,0
2023-02-01,2023,2,1,2020s,26.3,26.61,-0.31,-0.0233333333333332,-0.0,-0.797,0.24,Neutral,Neutral,Neutral,3,0
2023-03-01,2023,3,1,2020s,27.18,27.19,-0.01,0.2700000000000001,0.3,-0.725,0.3,Neutral,Neutral,Neutral,3,0
2023-04-01,2023,4,2,2020s,27.96,27.71,0.25,0.5700000000000001,0.6,-0.622,0.26,El Nino,El Nino,Debil,13,0
2023-05-01,2023,5,2,2020s,28.39,27.83,0.57,0.8433333333333334,0.8,-0.491,0.32,El Nino,El Nino,Debil,13,0
2023-06-01,2023,6,2,2020s,28.56,27.67,0.89,1.116666666666667,1.1,-0.359,0.32,El Nino,El Nino,Debil,13,0
2023-07-01,2023,7,3,2020s,28.31,27.25,1.07,1.3666666666666665,1.4,-0.216,0.18,El Nino,El Nino,Moderado,13,0
2023-08-01,2023,8,3,2020s,28.2,26.81,1.39,1.6,1.6,-0.023,0.32,El Nino,El Nino,Moderado,13,0
2023-09-01,2023,9,3,2020s,28.32,26.68,1.64,1.83,1.8,0.2,0.25,El Nino,El Nino,Fuerte,13,1
2023-10-01,2023,10,4,2020s,28.44,26.67,1.77,1.9933333333333332,2.0,0.426,0.13,El Nino,El Nino,Fuerte,13,1
2023-11-01,2023,11,4,2020s,28.72,26.65,2.08,2.063333333333333,2.1,0.67,0.31,El Nino,El Nino,Muy fuerte,13,1
2023-12-01,2023,12,4,2020s,28.63,26.5,2.13,1.9266666666666663,1.9,0.91,0.05,El Nino,El Nino,Muy fuerte,13,1
2024-01-01,2024,1,1,2020s,28.36,26.38,1.98,1.6233333333333333,1.6,1.121,-0.15,El Nino,El Nino,Fuerte,13,1
2024-02-01,2024,2,1,2020s,28.28,26.61,1.67,1.26,1.3,1.286,-0.31,El Nino,El Nino,Fuerte,13,1
2024-03-01,2024,3,1,2020s,28.42,27.19,1.22,0.8166666666666668,0.8,1.388,-0.45,El Nino,El Nino,Moderado,13,0
2024-04-01,2024,4,2,2020s,28.6,27.71,0.89,0.4866666666666666,0.5,1.442,-0.33,El Nino,El Nino,Debil,13,0
2024-05-01,2024,5,2,2020s,28.17,27.83,0.34,0.22,0.2,1.422,-0.55,Neutral,Neutral,Neutral,22,0
2024-06-01,2024,6,2,2020s,27.9,27.67,0.23,0.0833333333333333,0.1,1.368,-0.11,Neutral,Neutral,Neutral,22,0
2024-07-01,2024,7,3,2020s,27.34,27.25,0.09,-0.0666666666666666,-0.1,1.286,-0.14,Neutral,Neutral,Neutral,22,0
2024-08-01,2024,8,3,2020s,26.74,26.81,-0.07,-0.17,-0.2,1.164,-0.16,Neutral,Neutral,Neutral,22,0
2024-09-01,2024,9,3,2020s,26.46,26.68,-0.22,-0.21,-0.2,1.009,-0.15,Neutral,Neutral,Neutral,22,0
2024-10-01,2024,10,4,2020s,26.45,26.67,-0.22,-0.3,-0.3,0.843,0.0,Neutral,Neutral,Neutral,22,0
2024-11-01,2024,11,4,2020s,26.46,26.65,-0.19,-0.4133333333333334,-0.4,0.654,0.03,Neutral,Neutral,Neutral,22,0
2024-12-01,2024,12,4,2020s,26.0,26.5,-0.49,-0.4433333333333333,-0.4,0.436,-0.3,Neutral,Neutral,Neutral,22,0
2025-01-01,2025,1,1,2020s,25.82,26.38,-0.56,-0.2433333333333333,-0.2,0.224,-0.07,Neutral,Neutral,Neutral,22,0
2025-02-01,2025,2,1,2020s,26.33,26.61,-0.28,-0.0633333333333333,-0.1,0.062,0.28,Neutral,Neutral,Neutral,22,0
2025-03-01,2025,3,1,2020s,27.3,27.19,0.11,0.0233333333333333,0.0,-0.031,0.39,Neutral,Neutral,Neutral,22,0
2025-04-01,2025,4,2,2020s,27.69,27.71,-0.02,-0.0166666666666666,-0.0,-0.107,-0.13,Neutral,Neutral,Neutral,22,0
2025-05-01,2025,5,2,2020s,27.8,27.83,-0.02,-0.0433333333333333,-0.0,-0.137,0.0,Neutral,Neutral,Neutral,22,0
2025-06-01,2025,6,2,2020s,27.66,27.67,-0.01,-0.1433333333333333,-0.1,-0.157,0.01,Neutral,Neutral,Neutral,22,0
2025-07-01,2025,7,3,2020s,27.15,27.25,-0.1,-0.2833333333333333,-0.3,-0.173,-0.09,Neutral,Neutral,Neutral,22,0
2025-08-01,2025,8,3,2020s,26.49,26.81,-0.32,-0.3999999999999999,-0.4,-0.193,-0.22,Neutral,Neutral,Neutral,22,0
2025-09-01,2025,9,3,2020s,26.25,26.68,-0.43,-0.5066666666666667,-0.5,-0.211,-0.11,La Nina,Neutral,Neutral,22,0
2025-10-01,2025,10,4,2020s,26.22,26.67,-0.45,-0.5533333333333333,-0.6,-0.23,-0.02,La Nina,Neutral,Neutral,22,0
2025-11-01,2025,11,4,2020s,26.01,26.65,-0.64,-0.54,-0.5,-0.268,-0.19,La Nina,Neutral,Neutral,22,0
2025-12-01,2025,12,4,2020s,25.93,26.5,-0.57,-0.3666666666666666,-0.4,-0.274,0.07,Neutral,Neutral,Neutral,22,0
2026-01-01,2026,1,1,2020s,25.97,26.38,-0.41,-0.1466666666666666,-0.1,-0.262,0.16,Neutral,Neutral,Neutral,22,0
2026-02-01,2026,2,1,2020s,26.49,26.61,-0.12,0.11,0.1,-0.248,0.29,Neutral,Neutral,Neutral,22,0
