Anio,Pais,Promedio_temperatura_c,Emisiones_CO2_TonXHab,Energia_renovable_Pct,Eventos_Extremos,Precipitaciones_mm,Area_Forestal_Pct,Aumento_Nivel_Mar_mm,Poblacion
2000,Argentina,16.9,3.9,15.5,11,2047.0,18.4,4.0,564877556
2001,Argentina,33.2,18.2,15.7,1,2372.0,39.7,2.9,1078565697
2001,Argentina,24.8,14.3,33.8,12,2813.0,15.6,2.8,332640493
2001,Argentina,21.5,1.1,31.6,2,2005.0,17.7,4.7,597841637
2001,Argentina,8.4,16.8,12.7,3,2035.0,19.8,2.3,1334032802
2002,Argentina,14.3,16.6,26.7,7,1325.0,58.2,2.6,845772793
2002,Argentina,27.6,13.6,11.1,10,1056.0,23.8,1.6,711474124
2003,Argentina,10.0,16.5,21.9,13,626.0,17.2,1.3,1211429158
2004,Argentina,9.8,2.1,15.6,1,1290.0,40.1,1.5,742981303
2004,Argentina,15.4,8.5,31.8,0,1416.0,46.9,2.0,1114422920
2005,Argentina,9.0,1.1,9.5,3,1516.0,44.4,3.3,1253813851
2005,Argentina,9.7,5.3,33.0,8,2660.0,30.5,2.9,704269727
2005,Argentina,27.0,14.3,29.3,2,1955.0,20.2,2.5,898654624
2005,Argentina,24.3,14.8,26.4,12,1035.0,58.7,2.3,417690049
2005,Argentina,5.7,10.6,8.0,10,1730.0,61.6,4.1,1356785799
2005,Argentina,10.0,11.2,21.5,6,1533.0,23.8,2.5,567420977
2006,Argentina,30.7,11.6,41.9,10,1755.0,50.5,3.9,586706107
2006,Argentina,22.9,16.6,18.4,8,2272.0,16.6,2.1,1069151826
2006,Argentina,25.1,14.4,36.1,6,990.0,58.4,4.6,417520615
2006,Argentina,12.3,5.7,40.1,13,690.0,62.0,4.1,964717552
2007,Argentina,7.7,19.9,16.9,10,918.0,58.7,1.6,203114192
2008,Argentina,18.0,7.1,27.8,4,1037.0,47.1,4.8,1209391736
2008,Argentina,25.1,15.4,48.2,12,2386.0,54.9,2.7,803864353
2008,Argentina,21.7,2.6,39.4,2,1853.0,18.9,2.2,1025547493
2008,Argentina,28.6,16.0,25.9,14,1640.0,34.0,3.5,398067665
2008,Argentina,10.4,2.9,40.2,9,958.0,26.3,2.8,1339539083
2009,Argentina,11.0,12.0,14.2,2,2510.0,61.8,1.7,504454279
2009,Argentina,15.7,2.5,29.4,14,1453.0,26.4,4.7,548470440
2009,Argentina,16.4,17.2,9.3,8,1122.0,47.8,3.7,306798170
2009,Argentina,8.8,1.4,28.3,5,963.0,33.0,3.7,1344612647
2009,Argentina,20.1,1.5,40.1,11,1934.0,61.1,4.3,380527763
2009,Argentina,34.6,7.0,15.1,0,2634.0,46.3,2.8,1283287571
2010,Argentina,5.9,1.8,23.7,7,1892.0,17.7,3.2,1069669579
2010,Argentina,24.5,13.6,14.9,7,1007.0,67.3,1.2,200316893
2012,Argentina,21.3,1.0,37.5,12,656.0,11.1,3.8,449021301
2012,Argentina,20.6,15.7,5.4,3,678.0,22.6,1.2,927578734
2013,Argentina,25.4,9.2,43.9,14,2881.0,30.9,3.7,1075399963
2013,Argentina,29.6,17.2,21.1,9,1172.0,21.6,4.4,994673524
2013,Argentina,23.0,0.9,40.7,7,897.0,48.6,3.0,1152666411
2013,Argentina,23.9,10.9,8.5,10,1567.0,21.8,1.4,537312924
2013,Argentina,34.7,7.4,9.4,0,698.0,31.6,5.0,785566655
2014,Argentina,33.4,16.4,13.7,0,2618.0,63.3,3.9,796318481
2014,Argentina,25.9,7.6,21.4,0,2005.0,66.3,4.2,441359567
2014,Argentina,19.8,19.6,9.6,6,2244.0,24.5,1.2,1209870465
2015,Argentina,20.7,12.8,50.0,3,2761.0,19.4,4.3,455823356
2016,Argentina,7.2,16.7,28.7,3,1796.0,50.8,5.0,1353028485
2016,Argentina,21.2,8.1,22.3,2,1819.0,45.3,1.9,395181795
2018,Argentina,34.6,10.7,45.0,3,1547.0,46.5,4.6,298632383
2018,Argentina,27.6,14.5,49.9,5,2672.0,60.3,4.8,555420966
2018,Argentina,24.7,17.8,24.7,8,2037.0,22.3,4.0,740582553
2019,Argentina,21.5,6.5,19.8,7,1779.0,68.6,1.1,781668712
2019,Argentina,11.8,3.4,49.1,8,2949.0,49.1,1.8,697781804
2019,Argentina,23.8,8.9,25.9,10,891.0,46.5,4.7,1120533308
2020,Argentina,8.4,6.5,47.0,8,990.0,68.5,3.5,1225881222
2020,Argentina,9.2,11.8,43.3,4,2281.0,61.3,4.7,817572573
2020,Argentina,11.1,15.4,5.4,4,826.0,23.8,2.3,210449747
2021,Argentina,21.0,9.7,42.3,1,829.0,14.3,2.6,432913646
2021,Argentina,13.9,16.3,11.8,1,2612.0,29.0,1.7,46153952
2021,Argentina,12.9,3.6,41.1,4,2407.0,34.4,4.7,809907325
2022,Argentina,27.7,0.7,21.7,13,1954.0,32.7,1.9,1096617947
2022,Argentina,7.2,18.9,17.8,0,877.0,22.5,4.6,545401489
2023,Argentina,30.2,18.1,32.7,12,2930.0,64.1,4.4,542661199
2023,Argentina,22.4,4.4,49.5,11,2857.0,44.2,1.0,94830920
2023,Argentina,20.3,8.6,39.1,8,1116.0,66.0,3.6,599934182
2023,Argentina,13.0,6.2,21.3,0,1472.0,23.7,4.9,935533058
2023,Argentina,29.0,18.3,25.7,8,2435.0,10.3,4.5,536217615
2023,Argentina,8.9,18.1,47.2,14,2180.0,30.5,3.0,361616455
2000,Australia,8.3,12.1,42.4,13,2195.0,63.2,1.1,353488527
2000,Australia,11.4,2.2,12.0,4,1071.0,50.9,1.8,1388230143
2000,Australia,16.1,17.1,22.3,12,2834.0,60.3,3.9,753610692
2001,Australia,18.4,11.7,20.2,1,1962.0,58.4,5.0,66141905
2001,Australia,19.4,7.3,29.8,12,1370.0,22.7,1.9,1268489003
2002,Australia,20.6,1.1,20.9,6,2383.0,65.3,2.6,31674998
2002,Australia,15.3,8.3,36.4,6,2519.0,13.3,1.7,1235851188
2002,Australia,23.3,8.0,22.0,13,642.0,30.3,4.0,40028538
2002,Australia,32.9,18.2,19.6,6,1673.0,34.6,3.3,790364317
2003,Australia,23.1,4.7,33.0,5,2215.0,61.5,4.3,970758730
2003,Australia,20.0,18.6,31.8,5,2830.0,43.9,1.7,621558597
2003,Australia,24.1,16.9,6.5,4,1945.0,26.2,3.6,366223269
2004,Australia,23.2,12.9,5.9,4,1361.0,42.7,3.2,1359133613
2004,Australia,7.7,8.6,8.3,4,534.0,35.1,1.1,1027559585
2004,Australia,22.8,14.1,21.3,12,1418.0,41.4,2.2,217927603
2004,Australia,9.2,1.1,34.4,0,708.0,34.9,2.5,212718211
2004,Australia,10.2,1.7,34.1,12,1962.0,40.7,2.4,517404742
2005,Australia,34.4,4.0,15.6,9,2014.0,67.1,4.8,748486965
2006,Australia,20.4,1.8,39.6,0,773.0,26.3,3.6,174232548
2008,Australia,20.3,4.8,15.5,14,2484.0,16.8,2.8,1362033433
2008,Australia,18.1,12.2,49.7,1,1023.0,58.6,3.2,1086928352
2010,Australia,18.3,1.9,7.5,5,2599.0,48.7,3.5,849496137
2010,Australia,16.9,1.0,47.9,7,1973.0,23.5,3.5,373401883
2010,Australia,30.3,9.0,6.2,7,2367.0,57.6,4.5,1151520192
2011,Australia,5.5,11.7,41.7,5,880.0,40.9,4.0,966063065
2011,Australia,19.8,13.5,12.9,1,2053.0,67.6,2.6,444296725
2011,Australia,17.5,15.1,19.9,5,1613.0,60.1,2.2,1058333501
2011,Australia,20.8,11.4,47.8,10,2625.0,10.9,2.1,1165547123
2011,Australia,27.2,8.7,49.8,1,2496.0,23.5,4.6,1028924329
2012,Australia,16.1,1.7,8.3,12,2784.0,54.8,3.4,393935884
2012,Australia,18.0,7.6,42.1,2,670.0,59.3,4.3,1014270408
2014,Australia,27.2,2.0,34.8,14,589.0,37.2,3.9,761742932
2015,Australia,6.2,1.5,49.8,6,2271.0,17.0,3.2,428326345
2016,Australia,8.1,8.2,33.2,14,1919.0,54.9,4.7,1297393635
2016,Australia,24.3,15.0,21.8,4,676.0,19.8,4.4,321328118
2016,Australia,32.2,15.8,26.5,8,1657.0,20.8,4.3,751679888
2016,Australia,21.0,14.9,24.5,3,1136.0,44.5,3.1,380662109
2017,Australia,29.0,2.4,13.5,1,1577.0,43.3,2.2,313504125
2017,Australia,23.7,7.9,6.6,5,783.0,32.0,1.4,1190249588
2018,Australia,5.4,9.1,25.1,3,674.0,48.3,2.0,1338375247
2018,Australia,24.1,12.8,6.1,1,1801.0,36.0,3.3,717984590
2018,Australia,10.7,10.3,35.6,3,1715.0,11.5,4.3,1020760264
2018,Australia,34.5,14.6,7.6,6,829.0,27.1,1.3,1211016796
2019,Australia,23.0,7.7,18.0,9,2569.0,21.2,4.3,161618848
2019,Australia,14.9,13.1,34.0,8,2286.0,30.3,3.1,519602850
2019,Australia,23.1,9.5,29.1,9,2369.0,59.5,1.8,165930526
2019,Australia,21.5,5.2,43.4,14,2373.0,63.2,1.5,714759147
2019,Australia,17.3,1.3,41.1,14,2014.0,36.7,3.4,59676502
2020,Australia,34.2,5.9,9.8,8,1852.0,10.9,4.8,1332348555
2020,Australia,6.9,14.6,42.1,4,878.0,33.3,3.9,26451115
2020,Australia,28.5,0.8,13.3,7,628.0,54.9,4.0,1103288537
2020,Australia,11.8,16.1,21.0,6,1721.0,58.4,1.8,977900597
2021,Australia,24.9,4.9,45.8,1,2911.0,68.3,4.1,281959311
2022,Australia,11.1,11.2,35.3,8,756.0,12.4,4.1,325979799
2022,Australia,16.0,5.8,11.6,8,2548.0,65.7,4.4,916438404
2022,Australia,27.9,18.5,10.1,13,1677.0,55.9,3.4,748156329
2023,Australia,11.5,9.2,15.5,5,1910.0,24.4,2.3,1010451727
2000,Brazil,31.2,14.6,28.3,9,803.0,21.7,3.7,255339962
2001,Brazil,26.7,5.1,12.7,14,1270.0,26.8,4.6,694412542
2001,Brazil,7.6,17.6,28.5,11,1714.0,62.5,2.3,552246665
2002,Brazil,11.8,14.0,44.3,13,2976.0,51.0,3.0,367803209
2002,Brazil,19.1,14.5,37.0,14,920.0,20.1,3.1,947263298
2002,Brazil,11.9,4.7,27.0,0,2485.0,16.0,2.9,374520492
2003,Brazil,7.1,9.4,43.6,9,1252.0,36.7,1.9,18750431
2003,Brazil,27.8,16.1,25.7,7,1980.0,45.8,4.7,1047317550
2004,Brazil,16.4,10.1,6.6,7,1641.0,27.7,3.8,681529141
2005,Brazil,34.4,5.0,29.3,3,2132.0,46.9,3.7,104922177
2006,Brazil,32.2,19.4,25.5,1,2626.0,58.8,3.8,1155260147
2006,Brazil,9.9,14.5,35.0,6,1589.0,50.6,1.8,1082347326
2006,Brazil,24.6,1.3,31.4,12,2815.0,15.6,2.5,69840394
2007,Brazil,25.3,19.9,39.9,3,2051.0,24.0,2.3,196111561
2008,Brazil,32.2,14.6,48.7,13,2483.0,48.4,2.6,1107521006
2008,Brazil,16.6,8.1,47.1,4,1110.0,58.7,4.1,698150132
2008,Brazil,27.4,3.9,16.1,3,1858.0,48.6,4.5,79510809
2008,Brazil,19.7,17.0,20.6,5,727.0,67.7,3.2,212780506
2008,Brazil,7.1,0.7,19.8,0,2489.0,45.2,4.4,413504125
2009,Brazil,31.5,9.3,23.7,9,1149.0,15.4,3.6,172465953
2010,Brazil,34.4,3.2,40.9,0,773.0,50.2,3.2,1263782460
2010,Brazil,13.0,14.0,17.3,1,1115.0,15.6,4.5,1060152685
2010,Brazil,12.1,12.3,10.3,9,2205.0,34.9,2.2,56127465
2010,Brazil,5.0,15.8,21.0,12,2329.0,32.9,5.0,909090341
2010,Brazil,17.6,16.0,18.7,4,1920.0,52.3,3.1,584023989
2011,Brazil,26.7,5.6,28.3,2,1121.0,17.7,4.0,267058271
2011,Brazil,14.7,9.2,25.2,8,880.0,28.3,1.2,661509073
2011,Brazil,5.3,17.8,41.2,5,1621.0,63.0,2.7,1361023908
2011,Brazil,22.7,0.7,43.3,14,2507.0,43.7,4.6,1297261375
2011,Brazil,24.7,13.6,6.3,11,2372.0,18.1,2.8,1091856204
2011,Brazil,34.2,18.7,18.6,7,2579.0,25.7,3.2,803907356
2011,Brazil,29.0,1.5,7.8,13,2471.0,62.5,3.6,959148511
2012,Brazil,8.2,19.1,48.6,4,2308.0,50.8,1.9,294211471
2012,Brazil,26.8,6.9,45.8,13,2067.0,18.2,3.1,615628540
2012,Brazil,32.5,8.8,48.3,1,2459.0,12.1,1.5,802778534
2013,Brazil,20.7,14.8,29.5,13,1691.0,51.1,3.1,792568468
2013,Brazil,28.8,17.7,17.8,5,2169.0,50.3,4.6,481755340
2013,Brazil,20.2,11.2,21.0,10,2353.0,29.5,1.7,420231924
2014,Brazil,24.1,12.8,41.1,4,2440.0,40.8,2.9,246829711
2014,Brazil,34.9,17.4,16.6,0,2371.0,18.0,2.4,1269827972
2014,Brazil,30.9,10.2,12.9,11,771.0,48.9,3.5,617520058
2014,Brazil,6.4,0.9,46.4,7,725.0,57.4,3.3,558731629
2015,Brazil,28.9,20.0,12.2,7,2017.0,47.8,3.5,1213528698
2015,Brazil,6.6,8.6,15.2,5,772.0,31.5,4.5,925802277
2016,Brazil,28.1,16.9,26.9,12,934.0,43.3,4.9,1393981934
2016,Brazil,18.5,13.4,46.0,6,615.0,15.3,1.4,297280556
2016,Brazil,33.1,10.3,30.3,8,1933.0,67.7,2.3,245823381
2016,Brazil,17.0,4.9,47.4,8,1347.0,28.8,4.5,1221021496
2016,Brazil,26.6,0.7,12.7,7,1492.0,38.8,2.4,83325440
2017,Brazil,7.7,18.2,27.1,8,1579.0,61.0,1.2,9355425
2017,Brazil,23.4,1.4,13.8,10,2795.0,22.4,3.6,958819872
2017,Brazil,8.8,10.8,30.8,0,2052.0,55.5,4.8,1256199697
2018,Brazil,30.8,0.6,40.4,7,2267.0,53.6,2.4,1247636178
2018,Brazil,16.4,3.0,9.1,5,2164.0,19.8,3.9,446630103
2018,Brazil,12.0,12.3,37.6,3,2832.0,25.0,3.8,856099723
2018,Brazil,12.5,18.0,37.3,8,2394.0,35.8,4.1,32747976
2018,Brazil,9.8,0.5,20.6,5,656.0,51.3,1.0,239135473
2019,Brazil,21.0,19.8,34.7,5,1519.0,63.4,1.5,341217904
2020,Brazil,26.7,12.2,46.8,0,762.0,69.1,1.8,1106863791
2020,Brazil,23.8,6.0,25.9,2,956.0,52.2,3.4,1246729629
2020,Brazil,21.0,12.3,43.4,10,2556.0,42.6,3.7,1042719729
2020,Brazil,14.1,3.3,31.1,5,1573.0,26.3,2.1,1391047250
2020,Brazil,31.2,14.7,37.4,1,1020.0,27.2,4.1,937363773
2021,Brazil,27.5,14.6,14.8,9,2320.0,59.3,3.2,552258722
2022,Brazil,18.4,9.5,30.3,12,1691.0,36.2,4.6,302427829
2023,Brazil,24.4,14.0,49.1,14,2042.0,40.8,4.3,55101132
2023,Brazil,14.3,12.2,10.1,7,2661.0,40.0,1.1,743306453
2000,Canada,23.5,7.0,46.5,5,2006.0,39.0,2.8,584732301
2000,Canada,14.4,1.2,16.5,14,527.0,52.7,3.1,496479467
2000,Canada,22.8,9.6,14.4,12,720.0,30.5,2.5,248996061
2000,Canada,16.5,17.6,13.6,3,2279.0,46.2,2.2,329517333
2001,Canada,21.3,12.7,21.3,3,1944.0,26.2,3.3,1189649940
2001,Canada,21.2,14.9,32.9,0,1048.0,67.3,4.0,535387911
2002,Canada,27.3,19.1,23.9,9,2052.0,60.0,2.4,66735271
2002,Canada,18.3,11.5,21.0,11,2538.0,12.3,3.5,1386998486
2002,Canada,15.8,13.8,12.6,12,1826.0,20.3,4.5,614382775
2002,Canada,12.1,0.9,42.6,1,2659.0,17.6,1.5,45925925
2002,Canada,33.7,2.4,18.6,5,1674.0,29.1,3.3,1146777310
2002,Canada,19.9,10.8,20.2,13,1969.0,27.5,2.0,449460600
2002,Canada,21.7,17.3,14.8,14,1831.0,68.5,3.0,461516676
2002,Canada,32.0,17.4,47.0,11,1602.0,38.8,3.0,1182222401
2003,Canada,11.6,15.2,31.8,0,2798.0,58.3,1.9,625984226
2004,Canada,10.2,8.4,45.2,14,941.0,43.4,3.2,152248022
2004,Canada,15.8,8.0,35.0,2,2154.0,65.9,4.9,552912628
2004,Canada,19.2,5.5,36.8,7,1455.0,67.7,1.8,60556258
2004,Canada,34.2,0.8,48.3,6,2744.0,35.7,3.6,94344322
2005,Canada,8.4,11.9,24.2,2,2189.0,39.3,4.7,864707568
2005,Canada,19.3,13.0,38.4,14,1204.0,12.5,4.8,978026054
2005,Canada,20.6,3.5,25.9,8,2838.0,62.8,4.1,1138205296
2005,Canada,13.2,5.9,44.7,4,2872.0,46.2,3.6,1257944094
2005,Canada,9.5,6.3,8.2,1,2560.0,69.5,2.3,904452825
2005,Canada,25.9,8.1,15.8,9,2361.0,64.8,3.1,393359182
2005,Canada,16.4,5.8,19.2,10,1045.0,13.6,3.7,700477453
2006,Canada,31.3,11.2,40.7,7,1772.0,20.6,3.6,847822613
2006,Canada,12.0,9.4,30.6,7,2249.0,67.2,1.2,1330161573
2006,Canada,6.6,4.9,29.8,14,1012.0,39.0,2.8,459323770
2007,Canada,26.7,14.7,25.1,6,876.0,37.0,1.4,475005508
2007,Canada,32.1,5.5,12.4,12,1388.0,57.6,4.0,73639916
2008,Canada,5.6,16.7,17.8,14,2655.0,39.8,3.9,428691595
2008,Canada,10.9,10.8,13.8,14,2957.0,22.8,2.9,416299975
2008,Canada,27.4,13.5,20.0,8,2999.0,41.8,3.9,108305812
2009,Canada,24.1,15.3,49.4,8,557.0,43.6,3.2,915322799
2010,Canada,5.5,13.7,44.3,9,2145.0,52.4,4.8,72556185
2012,Canada,14.0,1.4,31.4,14,1229.0,54.1,2.8,1225949571
2012,Canada,24.2,18.0,16.0,4,2435.0,67.6,3.3,240259011
2012,Canada,11.4,11.6,24.9,3,1667.0,64.4,2.7,276284677
2012,Canada,28.5,12.3,7.7,0,1759.0,12.9,4.6,232840139
2012,Canada,8.8,9.5,26.0,4,1608.0,16.7,2.1,1007525728
2013,Canada,22.6,2.8,17.7,7,2580.0,51.9,4.5,531451276
2013,Canada,11.9,18.8,36.6,10,2442.0,43.8,2.0,254618460
2013,Canada,10.7,18.7,46.4,3,1027.0,53.6,4.6,1167788803
2013,Canada,16.6,14.6,7.4,14,1065.0,32.5,1.5,956249631
2013,Canada,9.7,19.1,16.8,8,1438.0,24.6,1.8,1141561184
2013,Canada,6.0,14.2,18.3,0,1641.0,36.6,2.5,717609187
2014,Canada,24.8,11.7,47.9,5,2839.0,59.1,1.2,1211830133
2014,Canada,30.4,10.9,37.2,10,692.0,54.7,4.1,778188462
2015,Canada,25.4,4.5,10.9,11,2286.0,46.7,4.6,646048990
2016,Canada,32.2,2.7,28.1,3,1179.0,44.8,2.8,343865425
2016,Canada,9.5,6.2,38.5,1,744.0,18.5,3.7,355644712
2016,Canada,27.3,11.1,41.5,1,2405.0,54.1,3.1,574525178
2016,Canada,31.2,8.4,27.9,2,2972.0,36.3,1.8,695971780
2017,Canada,16.3,2.3,17.1,9,2458.0,63.9,3.4,1391480145
2017,Canada,14.7,12.1,43.6,5,2098.0,57.5,3.5,1143896678
2018,Canada,29.8,14.5,32.3,10,1531.0,47.9,1.9,298239516
2018,Canada,34.0,1.1,41.8,0,647.0,29.7,1.6,670245096
2019,Canada,21.8,1.0,5.8,1,2524.0,51.0,4.9,1395185778
2019,Canada,29.5,9.5,5.5,12,2618.0,53.4,4.6,968769498
2020,Canada,33.3,19.4,36.2,12,2011.0,15.7,4.1,117312606
2021,Canada,25.1,17.0,10.7,14,1949.0,12.2,2.0,1268064913
2021,Canada,13.3,10.3,13.6,9,1045.0,11.7,1.8,347844379
2022,Canada,28.7,5.9,15.9,8,2726.0,46.0,2.0,599372628
2023,Canada,10.7,10.9,37.4,12,725.0,27.6,3.5,1243293089
2023,Canada,28.0,8.3,6.5,3,1148.0,54.3,5.0,338334548
2023,Canada,23.4,4.5,7.5,5,971.0,28.2,3.8,1380296219
2000,China,18.3,3.7,30.9,13,2090.0,39.3,1.8,521491291
2000,China,31.0,3.4,43.2,5,1842.0,36.7,3.3,1076162478
2000,China,28.8,5.2,29.6,2,1398.0,49.7,1.0,385683145
2000,China,26.7,15.4,43.0,1,2066.0,52.4,2.7,784881916
2001,China,27.4,19.0,42.9,12,2416.0,19.2,3.9,171927360
2003,China,28.3,12.3,14.5,4,2764.0,40.8,2.6,205087750
2003,China,7.5,9.7,16.6,1,1964.0,36.0,1.1,502277267
2003,China,33.2,4.5,9.8,12,2718.0,53.2,4.9,1102285590
2003,China,7.4,5.7,44.0,14,2350.0,42.5,3.5,1134255035
2003,China,33.7,18.6,35.3,5,2007.0,39.0,1.2,757020571
2004,China,21.3,10.3,14.5,5,1880.0,11.2,3.4,825442314
2004,China,33.9,7.4,40.5,11,1951.0,26.5,3.0,247496090
2004,China,29.8,14.6,42.2,9,2105.0,45.2,2.1,206788510
2004,China,10.8,13.0,40.2,6,2852.0,22.4,2.4,34357473
2004,China,9.9,9.2,47.4,0,1498.0,51.3,2.0,350813108
2006,China,9.5,8.3,16.9,3,2865.0,47.6,1.1,945299929
2006,China,13.5,12.7,23.5,10,2626.0,69.4,3.8,1011298802
2007,China,20.8,1.7,30.4,10,2251.0,16.8,3.4,1203797363
2007,China,8.3,10.5,12.1,6,941.0,45.2,3.7,124297006
2007,China,5.4,13.7,35.1,12,1857.0,57.6,2.9,115282073
2008,China,34.8,19.8,20.2,9,904.0,53.5,2.8,1119409767
2010,China,11.6,9.7,31.0,14,2444.0,60.2,2.1,946279632
2010,China,30.9,12.1,17.0,5,2915.0,62.1,2.0,3660891
2010,China,13.3,13.5,36.2,0,772.0,65.7,3.5,400506741
2011,China,6.6,16.6,34.3,0,2022.0,44.8,2.3,189064050
2011,China,5.6,3.0,33.3,9,978.0,14.9,4.8,883572947
2011,China,27.1,13.7,10.5,3,2562.0,44.6,3.4,1024446336
2011,China,22.2,13.9,33.7,13,678.0,32.9,3.6,1175564118
2011,China,28.4,13.0,5.4,0,1907.0,42.0,1.9,276902589
2012,China,17.2,11.1,39.7,8,921.0,67.2,2.8,560862422
2012,China,30.0,15.8,47.2,6,1007.0,37.8,2.6,144123536
2012,China,12.7,20.0,46.0,11,2701.0,57.3,4.1,1014597705
2013,China,14.4,1.5,18.6,13,1359.0,12.9,4.2,709386257
2014,China,7.6,10.2,10.1,1,577.0,12.0,3.2,316387268
2015,China,10.1,18.4,22.0,10,1087.0,65.6,3.4,1250306574
2015,China,20.4,15.4,14.2,0,1969.0,69.9,1.6,227429665
2015,China,28.8,11.3,19.4,14,1085.0,30.1,3.0,674280911
2016,China,32.4,4.8,31.8,9,759.0,41.1,3.2,1358197397
2016,China,16.9,10.0,41.8,3,2669.0,24.3,1.5,776918225
2016,China,10.1,2.8,39.8,12,2595.0,17.7,3.5,733130914
2016,China,19.9,1.1,30.2,9,1034.0,56.7,1.9,438565972
2017,China,16.9,15.9,23.3,4,1297.0,53.3,2.6,456955256
2017,China,15.7,9.7,35.1,13,2019.0,41.0,1.8,305543477
2017,China,23.5,2.5,33.9,9,652.0,35.3,4.4,165154106
2017,China,29.8,11.4,46.7,6,2868.0,59.2,4.2,600974146
2018,China,19.4,5.5,12.4,5,1936.0,56.3,3.3,275361525
2018,China,22.3,6.4,47.1,11,1950.0,39.4,4.0,563892519
2018,China,14.7,13.0,17.9,14,690.0,62.3,2.2,931316975
2018,China,24.8,4.7,25.7,14,2105.0,16.5,1.9,341648458
2018,China,18.1,11.4,23.9,5,1802.0,64.6,1.9,792341941
2018,China,34.4,15.8,37.8,13,2734.0,50.3,3.6,305046905
2019,China,31.7,12.9,6.8,1,1891.0,50.2,2.4,136202316
2019,China,10.0,16.4,35.5,0,2298.0,55.7,3.5,608237759
2020,China,32.3,1.4,49.4,12,2100.0,47.2,2.7,1202028857
2020,China,19.1,19.8,12.8,0,2152.0,24.1,4.0,1074542897
2020,China,22.7,3.2,19.4,0,812.0,44.8,4.1,491426196
2020,China,11.8,16.8,45.0,8,2881.0,43.8,4.0,573451526
2020,China,10.2,17.1,27.3,9,2227.0,67.1,1.1,738275078
2021,China,29.7,12.6,44.0,9,890.0,31.3,2.1,334345649
2021,China,18.3,10.8,28.7,7,2177.0,29.6,3.1,393241030
2021,China,14.4,14.3,29.7,13,1298.0,60.7,4.3,222866661
2022,China,22.8,17.2,25.3,2,1890.0,61.3,1.8,97623054
2022,China,17.9,13.7,21.9,12,2255.0,53.8,4.4,804974926
2022,China,28.6,8.9,35.9,13,1864.0,30.4,3.6,1090719866
2023,China,22.5,6.6,16.4,13,1088.0,67.7,3.8,554504868
2023,China,12.0,16.9,21.0,3,2520.0,59.9,2.8,508830032
2023,China,28.8,4.5,33.8,9,1108.0,47.2,3.7,1180278134
2000,France,12.6,19.9,29.6,14,1056.0,41.8,1.3,400673293
2000,France,28.3,4.8,24.4,6,1990.0,52.9,3.4,61481382
2000,France,8.9,19.1,44.7,14,2413.0,54.4,3.7,178651192
2001,France,27.0,13.3,38.5,14,2989.0,64.6,4.4,1018260723
2002,France,9.4,19.0,7.0,2,2202.0,57.0,3.7,1080854924
2002,France,30.4,11.9,32.8,1,2878.0,44.3,4.7,193419191
2002,France,30.8,19.3,25.6,6,2408.0,14.5,2.6,1193787532
2003,France,25.8,11.0,33.2,14,1319.0,27.9,4.0,458944956
2003,France,19.5,11.6,26.8,13,610.0,60.3,4.2,413929509
2003,France,11.0,7.1,34.3,14,1207.0,23.5,2.8,1151159927
2004,France,31.4,15.6,10.7,11,2321.0,34.1,1.2,663371850
2004,France,10.0,5.8,7.4,3,1488.0,58.3,3.5,1182846641
2005,France,29.7,18.6,21.5,11,1501.0,63.4,2.5,1030270792
2006,France,24.7,16.7,20.4,8,1769.0,13.3,2.8,730089798
2006,France,9.8,16.0,47.8,1,1664.0,23.3,2.7,1278299069
2006,France,14.7,13.5,42.9,2,2138.0,26.2,3.8,690916097
2007,France,21.3,5.5,48.5,1,2327.0,69.0,2.4,141991057
2007,France,34.8,17.1,27.2,12,1964.0,66.6,2.8,1335512175
2007,France,25.4,7.1,8.3,11,2438.0,62.5,4.1,444435735
2008,France,7.9,12.9,39.5,12,1096.0,68.9,2.7,148647462
2008,France,6.5,11.0,44.7,10,526.0,47.6,1.4,76154255
2008,France,24.6,18.3,20.5,13,2851.0,58.9,2.3,460686642
2009,France,8.4,17.9,39.3,5,839.0,57.1,1.6,619079995
2010,France,14.0,2.9,17.1,14,1085.0,65.9,2.1,218199220
2011,France,21.7,5.2,33.1,14,1181.0,54.4,2.6,1214544133
2012,France,28.4,3.2,42.4,6,871.0,12.7,4.8,226805324
2012,France,6.3,10.1,24.6,14,1347.0,55.8,1.1,1318582449
2012,France,27.7,17.8,17.1,3,2122.0,52.3,1.9,1117897844
2012,France,5.2,2.8,17.2,3,1742.0,11.1,2.1,313545957
2012,France,5.9,4.6,5.1,10,979.0,36.8,2.6,699195057
2013,France,8.7,6.1,30.5,12,2039.0,21.3,3.1,72414944
2013,France,12.7,9.8,47.6,0,1658.0,40.0,3.9,1199331484
2013,France,23.2,19.0,31.6,13,1287.0,24.4,4.7,458035062
2014,France,33.9,2.8,33.3,9,1241.0,35.5,2.2,441101758
2014,France,15.8,14.1,35.6,3,2282.0,53.0,2.7,1280929698
2014,France,26.2,16.9,8.2,3,2744.0,26.3,1.0,140376298
2014,France,34.7,8.2,23.6,14,1884.0,16.3,4.2,81521377
2014,France,14.7,5.4,24.1,13,2933.0,20.3,4.7,1151040277
2014,France,25.6,6.2,27.1,11,645.0,25.0,1.0,93966977
2014,France,16.7,7.8,27.6,14,2666.0,20.3,4.1,1139899651
2015,France,29.6,1.3,48.9,8,1290.0,21.2,4.7,1379671819
2015,France,19.3,8.3,37.1,13,824.0,14.2,2.3,826741489
2015,France,13.9,17.6,24.9,9,2214.0,24.2,2.3,907108797
2015,France,30.6,4.1,16.3,13,2259.0,38.5,4.3,833635961
2015,France,14.4,10.2,5.7,13,2527.0,58.3,4.2,618908216
2016,France,32.6,18.1,49.5,10,1545.0,64.8,4.0,333230308
2017,France,28.0,7.4,20.0,3,2684.0,32.5,2.8,1280061358
2017,France,15.3,0.6,46.4,3,2181.0,55.0,2.9,342901215
2018,France,23.2,12.1,5.6,11,764.0,53.4,4.6,863465591
2018,France,18.8,3.9,23.5,10,1617.0,27.7,2.9,955697187
2018,France,24.8,5.4,24.9,5,2620.0,44.9,4.1,1267230374
2019,France,12.7,16.6,15.5,8,2548.0,54.0,4.4,358801890
2019,France,29.4,16.2,23.9,5,1537.0,32.4,1.8,57650147
2019,France,28.5,12.3,41.4,14,2720.0,60.5,3.2,1331017695
2020,France,5.1,8.5,50.0,7,1315.0,41.3,4.3,943264951
2021,France,21.9,7.1,37.9,4,2401.0,52.4,2.3,680925261
2021,France,5.5,7.7,25.5,10,2423.0,16.3,4.8,940617342
2021,France,10.4,13.8,7.9,11,2644.0,28.6,2.3,1148375055
2021,France,17.9,19.6,43.4,8,2426.0,11.9,2.4,885256390
2021,France,11.8,5.0,37.8,11,1133.0,16.3,4.1,769315232
2022,France,12.1,8.2,7.2,9,882.0,39.6,4.4,24043592
2022,France,20.2,17.4,42.9,1,2412.0,38.2,3.1,797324959
2023,France,9.8,10.9,33.7,3,545.0,49.3,4.9,1311466901
2023,France,21.4,11.2,36.5,13,926.0,15.5,4.9,343707677
2023,France,31.9,19.9,38.3,9,907.0,28.8,4.2,1004488364
2023,France,15.9,4.5,30.7,4,643.0,25.2,3.2,373729923
2000,Germany,5.1,11.2,33.7,6,2378.0,69.2,1.6,495220820
2000,Germany,14.4,0.7,30.8,5,2904.0,15.6,1.3,1357011909
2001,Germany,15.3,2.2,23.8,11,1856.0,50.5,3.9,573710142
2001,Germany,23.6,3.7,25.7,0,2144.0,46.7,4.0,293218023
2001,Germany,34.7,4.7,24.9,0,1504.0,36.9,4.4,1377569278
2001,Germany,19.2,16.3,8.9,13,1305.0,45.7,3.9,1178735383
2001,Germany,6.3,6.7,26.2,11,2378.0,50.7,3.2,1119422832
2001,Germany,30.3,9.7,18.7,14,2257.0,50.3,5.0,16901724
2002,Germany,8.1,19.7,37.3,10,2905.0,28.1,1.8,1254853974
2002,Germany,23.5,18.0,17.1,0,1413.0,64.8,1.8,512192626
2003,Germany,30.5,7.7,19.4,10,2871.0,33.5,3.0,1038669571
2004,Germany,18.0,17.3,8.8,8,1441.0,63.6,4.0,440663289
2004,Germany,28.1,18.9,49.4,3,1015.0,66.2,4.7,806325524
2004,Germany,8.7,3.1,48.5,14,1393.0,43.4,3.6,1200864257
2004,Germany,13.5,12.7,41.3,1,2794.0,66.8,3.6,489265598
2005,Germany,22.6,10.6,5.6,11,723.0,53.3,4.0,1345594489
2005,Germany,27.2,6.0,25.2,6,2297.0,36.2,2.9,950422541
2005,Germany,32.0,16.6,25.4,10,1046.0,61.6,2.0,1374002297
2006,Germany,25.0,7.9,19.2,1,1605.0,22.6,4.6,703458181
2007,Germany,26.9,5.6,12.5,4,1743.0,17.4,2.4,124079175
2007,Germany,11.0,17.6,42.9,3,2906.0,50.7,1.7,1179622755
2007,Germany,33.5,7.9,30.5,7,719.0,49.5,4.3,427187850
2007,Germany,9.8,9.8,34.0,13,1592.0,61.5,3.8,637933053
2007,Germany,21.0,13.8,14.7,10,2855.0,22.2,2.9,1064569796
2007,Germany,20.6,2.1,8.3,0,1066.0,20.1,3.7,57953426
2007,Germany,17.6,3.3,43.8,10,737.0,46.5,1.4,423388217
2008,Germany,28.1,3.7,10.7,9,2223.0,66.0,1.4,333786819
2009,Germany,6.3,0.5,49.3,3,1801.0,37.5,1.1,64317241
2009,Germany,18.1,1.2,30.8,0,967.0,54.1,3.7,1267782685
2009,Germany,10.7,18.2,13.5,0,1850.0,29.7,2.4,1303590308
2009,Germany,34.3,15.8,19.8,13,1388.0,48.9,1.3,1280706662
2009,Germany,23.0,9.9,47.6,8,629.0,25.7,1.3,1082501828
2009,Germany,19.4,2.4,22.4,5,2592.0,67.3,1.7,814653356
2010,Germany,24.9,11.2,40.7,10,1841.0,21.9,1.4,63908951
2011,Germany,24.1,17.3,41.0,3,2854.0,19.8,2.1,398407112
2012,Germany,23.4,10.9,46.2,2,790.0,21.0,2.5,1108141910
2012,Germany,19.0,9.3,11.6,13,1684.0,62.7,3.1,539924174
2013,Germany,17.9,4.8,19.4,13,1198.0,17.7,4.6,226407206
2014,Germany,21.7,17.7,48.6,10,688.0,50.4,2.9,598463676
2015,Germany,22.6,12.3,48.4,13,2354.0,13.0,3.8,55182052
2015,Germany,25.2,1.5,42.6,8,572.0,66.0,2.3,217257105
2015,Germany,8.7,1.3,39.3,11,1715.0,49.2,2.2,907925675
2016,Germany,29.9,6.9,21.4,9,2157.0,38.9,4.0,597867288
2016,Germany,18.3,4.8,32.0,4,2373.0,56.1,4.1,1180680940
2017,Germany,29.7,19.4,37.5,13,2479.0,16.3,3.7,770503180
2017,Germany,9.0,17.0,29.2,10,1326.0,69.1,2.8,934953242
2018,Germany,30.1,2.1,12.2,9,1246.0,58.8,3.5,791466287
2018,Germany,7.6,14.6,8.5,8,1418.0,34.9,2.1,1255100522
2018,Germany,22.3,18.3,46.8,0,1234.0,24.9,3.2,1016644563
2018,Germany,27.0,5.3,10.8,8,2342.0,34.2,1.5,791709171
2019,Germany,8.3,4.5,41.3,8,2101.0,29.2,4.3,567106041
2021,Germany,23.9,13.1,49.5,7,1081.0,51.9,3.9,1298244488
2021,Germany,16.2,10.4,37.1,5,1731.0,47.3,3.0,652730854
2022,Germany,12.4,19.1,9.2,1,1961.0,25.1,2.8,272039781
2022,Germany,22.9,14.9,44.6,8,654.0,10.5,3.3,1331115761
2022,Germany,27.0,19.6,44.4,3,1338.0,47.9,2.5,990503091
2022,Germany,21.5,6.4,19.5,3,1349.0,63.3,1.3,248771060
2022,Germany,13.7,1.8,45.3,10,2238.0,23.4,1.8,630704719
2023,Germany,32.4,12.0,6.0,2,1832.0,50.9,1.5,555356797
2023,Germany,13.2,16.5,7.5,6,1401.0,38.8,1.5,538799164
2023,Germany,18.3,4.2,40.2,1,2976.0,52.5,3.0,1017684486
2000,India,20.9,15.9,26.4,8,1100.0,61.3,2.6,1237433800
2000,India,15.1,18.4,10.2,11,645.0,18.5,4.5,104256346
2000,India,16.7,8.2,5.8,3,1687.0,50.7,4.7,349817800
2000,India,32.3,6.5,36.8,8,1066.0,17.5,1.2,211473371
2001,India,20.8,1.0,23.5,1,2112.0,29.3,3.8,42474142
2001,India,9.3,14.8,14.0,9,997.0,21.8,3.1,874069049
2002,India,32.0,15.0,15.7,0,1313.0,28.3,4.6,1104495874
2002,India,30.5,13.5,7.3,5,2887.0,47.2,1.8,377355052
2002,India,17.6,6.6,27.9,11,1851.0,27.9,4.5,40236300
2002,India,29.3,7.4,48.6,13,1342.0,59.5,3.5,866716200
2002,India,12.8,1.4,7.2,6,1420.0,68.1,1.2,457184922
2002,India,8.5,0.8,29.5,0,1857.0,53.8,5.0,986237569
2003,India,18.9,19.0,43.3,12,1990.0,11.5,4.4,322675191
2003,India,6.4,9.4,28.9,7,1573.0,36.8,3.8,9918562
2003,India,7.7,19.6,36.2,4,600.0,53.3,3.0,142785204
2004,India,33.3,17.5,40.9,13,690.0,48.3,2.9,357936501
2004,India,19.4,16.8,8.0,1,2636.0,40.4,4.4,990213564
2004,India,9.5,9.9,42.6,5,2410.0,33.8,2.8,668910266
2004,India,22.6,9.9,39.0,14,624.0,18.1,1.0,200614447
2005,India,7.7,6.1,21.3,9,1219.0,21.7,4.0,588745515
2005,India,32.5,2.5,39.0,0,1126.0,53.6,1.3,471324215
2005,India,7.8,12.9,31.0,12,1660.0,41.7,1.0,20339904
2005,India,11.8,12.3,31.4,3,1324.0,24.4,1.1,1011963413
2005,India,34.9,7.8,23.7,8,1959.0,58.2,3.3,442386268
2005,India,24.7,10.6,12.2,13,691.0,67.4,1.4,776502158
2005,India,34.8,15.8,12.4,1,1910.0,51.9,1.3,1287584579
2005,India,17.4,2.0,41.2,8,1462.0,42.6,4.2,13350251
2006,India,16.4,5.4,31.8,11,2452.0,22.6,3.7,30380783
2007,India,22.8,9.1,41.0,13,1143.0,18.9,1.9,1223349324
2007,India,34.0,18.1,6.8,14,1628.0,43.6,2.2,522918956
2007,India,31.2,7.8,23.8,12,2077.0,18.1,1.4,403372362
2008,India,16.3,18.7,47.8,2,2141.0,30.2,4.8,281361562
2009,India,23.1,7.0,20.8,6,2730.0,58.8,2.4,928647198
2009,India,23.4,15.8,8.3,0,777.0,53.4,4.6,534063088
2011,India,10.3,4.5,28.6,0,1530.0,62.0,4.8,575572757
2012,India,14.4,11.8,42.1,13,1390.0,23.5,1.9,1366390185
2012,India,17.7,8.3,29.3,7,563.0,60.1,4.9,294913021
2012,India,5.4,11.7,29.9,8,2011.0,25.6,4.4,574018793
2013,India,28.8,10.8,48.5,0,1404.0,15.7,1.5,867702697
2013,India,14.5,18.2,43.0,8,1231.0,37.6,2.7,1063134918
2014,India,21.9,4.2,29.0,10,2263.0,28.6,4.2,757754968
2014,India,27.5,18.5,45.4,9,667.0,10.1,3.0,894808615
2015,India,14.5,1.6,26.9,13,1493.0,57.2,4.8,813268912
2015,India,16.8,12.6,47.5,9,1189.0,52.5,2.4,970973825
2016,India,9.5,19.9,20.2,13,1951.0,34.4,3.8,926054419
2016,India,11.8,2.6,14.4,2,946.0,58.3,1.3,472080203
2016,India,31.4,17.6,17.1,5,764.0,31.1,4.1,702602016
2016,India,16.4,6.7,44.4,13,2436.0,21.1,2.2,1018037875
2017,India,14.7,5.7,49.9,8,1633.0,17.4,1.5,538949949
2017,India,21.8,9.3,39.1,7,1927.0,10.2,1.6,1113231627
2017,India,12.6,1.2,30.3,12,2677.0,58.9,3.6,1206594322
2018,India,33.8,7.9,10.5,12,2568.0,12.8,3.1,573634321
2018,India,27.4,19.1,48.6,2,2874.0,55.2,4.8,122071965
2018,India,27.3,10.6,33.0,12,2358.0,26.3,2.8,322950922
2019,India,27.7,5.1,5.9,13,2273.0,43.6,4.5,1097734281
2019,India,21.2,3.8,26.8,8,1389.0,37.4,2.3,1333758926
2019,India,16.3,9.6,9.8,12,822.0,64.9,3.3,296295792
2019,India,13.1,11.9,42.9,8,2261.0,33.1,3.2,556011992
2019,India,23.6,8.0,10.0,8,1365.0,20.2,1.2,1358019778
2020,India,9.6,5.7,11.1,8,795.0,44.9,1.2,988849880
2021,India,29.0,18.8,27.9,8,584.0,60.5,2.2,1218629667
2021,India,7.7,8.7,27.3,8,544.0,36.7,3.1,479208779
2021,India,14.0,13.7,11.8,3,2540.0,43.9,2.1,140110299
2021,India,31.4,16.6,28.3,10,1602.0,60.6,2.1,1242658359
2021,India,5.3,7.6,23.5,7,2910.0,56.6,2.0,62104574
2022,India,11.7,11.1,9.4,8,2010.0,50.2,1.2,807462613
2022,India,23.6,8.1,31.2,1,1169.0,18.0,2.4,1314459009
2022,India,14.6,18.3,45.6,7,1857.0,51.1,4.1,938604707
2023,India,31.0,17.6,25.1,8,2444.0,20.6,2.0,365927452
2023,India,22.8,17.7,40.0,9,1679.0,55.2,1.4,707948505
2000,Indonesia,10.8,13.1,48.9,9,2133.0,48.4,4.8,947854491
2000,Indonesia,29.7,7.2,5.2,8,1962.0,53.3,1.1,811864189
2000,Indonesia,31.1,11.9,12.0,2,2112.0,37.7,3.3,275452460
2000,Indonesia,20.0,18.7,23.0,0,875.0,33.5,5.0,938024200
2000,Indonesia,16.6,14.9,37.6,7,1990.0,41.7,3.7,381441078
2000,Indonesia,26.7,19.8,27.9,11,1807.0,34.5,1.8,540634691
2000,Indonesia,30.2,12.0,32.2,9,1591.0,22.8,3.0,629396369
2001,Indonesia,9.6,8.9,29.1,8,2412.0,53.9,4.5,300442653
2001,Indonesia,15.0,18.2,23.1,14,1925.0,69.4,1.1,389949929
2001,Indonesia,31.5,7.0,18.9,11,1219.0,52.5,4.5,440187461
2002,Indonesia,20.1,12.2,35.8,1,1624.0,28.5,1.7,639588420
2002,Indonesia,5.5,11.9,18.3,5,1605.0,31.0,4.6,10978954
2002,Indonesia,34.4,7.0,9.0,0,567.0,53.0,2.0,168531317
2002,Indonesia,17.2,9.1,44.2,8,904.0,69.6,3.8,462496639
2003,Indonesia,10.2,17.4,40.2,5,1989.0,65.8,1.7,1129377860
2003,Indonesia,15.2,14.6,45.8,7,2216.0,38.8,2.3,411423216
2004,Indonesia,24.0,9.6,18.9,11,2010.0,51.6,2.9,841932971
2004,Indonesia,5.7,16.6,27.5,2,2331.0,58.0,3.4,113072938
2004,Indonesia,16.3,12.5,36.4,12,2758.0,55.8,1.4,802398351
2004,Indonesia,13.0,5.3,17.3,3,2817.0,44.0,1.5,1219902888
2004,Indonesia,12.0,15.0,24.3,14,921.0,47.0,3.7,342865321
2005,Indonesia,7.8,0.6,10.9,14,654.0,56.3,2.3,673431694
2005,Indonesia,29.8,6.3,19.1,3,518.0,17.6,4.3,431162461
2006,Indonesia,12.1,8.3,40.6,14,2225.0,67.5,4.0,666108195
2006,Indonesia,22.8,17.3,26.8,2,1944.0,34.3,4.9,875175631
2006,Indonesia,26.5,2.3,35.2,12,943.0,58.5,1.8,1179906692
2006,Indonesia,21.4,7.4,29.2,10,2483.0,12.2,1.4,454764789
2007,Indonesia,33.5,17.0,26.9,12,1429.0,36.6,2.8,278626073
2007,Indonesia,30.4,8.5,16.2,1,2937.0,60.0,2.7,1144952571
2007,Indonesia,6.8,17.4,7.4,0,2681.0,30.4,1.5,1264503560
2007,Indonesia,16.6,6.5,8.6,9,740.0,26.1,3.8,914386174
2007,Indonesia,19.9,13.0,13.0,9,1412.0,29.8,1.2,318523214
2007,Indonesia,26.6,10.9,30.7,2,2032.0,18.5,1.6,1126838160
2007,Indonesia,5.8,17.7,22.9,12,1365.0,43.5,2.1,266267433
2008,Indonesia,12.3,6.4,30.6,11,671.0,38.9,1.5,262587298
2008,Indonesia,19.2,8.4,46.2,6,1473.0,51.6,1.7,490479768
2009,Indonesia,24.6,9.3,47.1,14,1079.0,57.5,1.6,91233652
2009,Indonesia,10.5,18.9,29.3,3,2994.0,50.7,1.5,1289226003
2010,Indonesia,14.4,4.9,10.4,13,2466.0,10.8,3.3,1345958932
2010,Indonesia,18.1,8.4,47.6,10,2206.0,40.2,4.1,899066343
2010,Indonesia,10.8,14.7,28.8,13,998.0,41.3,2.3,442921564
2010,Indonesia,15.7,9.4,9.0,3,1424.0,41.4,4.2,1089256242
2010,Indonesia,19.6,8.8,15.4,11,1037.0,50.1,3.4,235905387
2011,Indonesia,8.8,3.5,43.5,4,2881.0,24.0,1.6,1041970958
2011,Indonesia,13.4,9.9,21.1,9,2083.0,56.9,3.8,1358606331
2011,Indonesia,19.1,17.7,15.0,1,2507.0,62.5,3.2,1082449514
2012,Indonesia,9.8,6.3,34.1,8,794.0,15.5,1.2,1182540700
2012,Indonesia,19.6,15.2,14.5,9,1817.0,21.0,2.7,1319258942
2014,Indonesia,10.6,14.7,34.5,6,2216.0,16.4,3.4,809753207
2014,Indonesia,15.7,14.9,43.9,9,2516.0,68.7,1.5,1305532079
2014,Indonesia,15.9,9.0,30.3,8,2849.0,10.3,2.6,617022634
2014,Indonesia,8.7,4.7,36.9,4,800.0,12.4,2.2,553908390
2015,Indonesia,11.6,2.3,37.3,12,1978.0,60.7,3.4,46316734
2015,Indonesia,27.6,13.4,40.0,14,1513.0,38.3,2.1,1029993337
2015,Indonesia,27.3,2.4,46.6,7,1476.0,50.4,2.3,1132944962
2016,Indonesia,5.6,8.4,37.9,4,2082.0,19.0,2.1,227533555
2016,Indonesia,34.3,1.4,10.1,13,2783.0,16.6,1.9,578387192
2016,Indonesia,26.0,6.6,7.4,2,2981.0,43.7,3.3,117179548
2016,Indonesia,13.9,15.5,9.0,1,1495.0,64.1,1.5,972853753
2018,Indonesia,29.1,16.7,43.3,10,1382.0,52.7,1.9,1160732321
2019,Indonesia,16.6,7.4,30.4,11,1201.0,28.8,2.0,566743465
2019,Indonesia,14.5,18.1,28.8,7,2357.0,64.9,3.0,947298966
2019,Indonesia,7.8,8.9,23.3,13,2653.0,46.5,1.9,483741561
2020,Indonesia,30.0,1.7,18.5,2,551.0,10.6,2.7,633829632
2020,Indonesia,26.2,14.3,5.3,3,890.0,35.7,2.0,378091478
2020,Indonesia,21.6,18.8,11.8,4,2812.0,34.4,4.8,445421988
2021,Indonesia,18.4,11.8,35.8,0,2077.0,33.0,2.9,1280891832
2021,Indonesia,21.3,9.4,39.2,13,1670.0,15.5,2.5,495198828
2021,Indonesia,33.6,18.6,13.0,13,1191.0,68.5,4.2,884111039
2021,Indonesia,9.6,15.7,49.2,6,2355.0,37.2,1.8,744131853
2021,Indonesia,24.1,7.2,8.9,6,2718.0,31.7,4.7,827751807
2021,Indonesia,26.0,9.5,9.4,10,1141.0,44.0,4.9,916703921
2022,Indonesia,15.9,11.5,47.7,3,980.0,50.5,3.3,838390349
2023,Indonesia,28.5,16.5,16.1,12,2736.0,23.0,3.8,866280953
2023,Indonesia,27.8,9.3,19.4,10,2648.0,17.2,1.5,1330131634
2001,Japan,24.7,3.1,5.4,9,1219.0,45.4,3.9,838339418
2001,Japan,28.6,4.5,16.2,2,1166.0,56.9,3.2,509030277
2002,Japan,27.1,13.1,22.5,10,2235.0,27.5,2.5,690744654
2002,Japan,25.0,14.8,41.7,9,2530.0,52.3,3.2,824431639
2002,Japan,27.4,6.6,13.9,11,2623.0,60.3,2.4,324417204
2003,Japan,33.2,15.6,16.8,11,2562.0,11.7,4.5,252075147
2003,Japan,25.1,9.8,22.6,8,1691.0,69.0,3.4,1077312172
2003,Japan,16.6,7.1,43.0,8,2673.0,38.3,4.1,109741109
2004,Japan,7.3,17.3,31.2,8,1912.0,29.5,3.1,1263362850
2004,Japan,12.7,16.2,47.3,1,2000.0,64.3,1.6,1307202006
2004,Japan,22.6,10.4,48.0,3,1604.0,29.2,1.2,355479880
2004,Japan,17.5,9.3,41.4,10,2621.0,39.5,4.0,1350315792
2004,Japan,7.8,6.0,39.8,9,2084.0,16.2,2.3,604837682
2005,Japan,10.7,15.7,27.6,14,629.0,16.3,1.1,1328981569
2006,Japan,27.6,14.4,26.2,9,2726.0,12.9,4.8,63232362
2007,Japan,15.4,1.3,31.5,3,921.0,45.1,4.3,194923647
2008,Japan,19.4,9.3,10.8,13,2334.0,10.3,4.3,242481524
2008,Japan,14.5,14.8,22.7,13,2319.0,46.5,1.2,35139374
2008,Japan,21.4,10.7,29.8,12,1589.0,38.4,4.7,235549454
2008,Japan,10.9,4.8,28.7,1,2003.0,32.0,1.7,1296305728
2009,Japan,34.0,10.0,44.9,1,1598.0,27.9,3.3,176809981
2009,Japan,34.5,12.8,30.0,6,1319.0,10.6,3.8,52187343
2010,Japan,24.5,12.2,23.2,12,610.0,58.6,1.7,156286200
2011,Japan,22.2,15.2,12.8,8,2814.0,61.1,2.1,565411899
2011,Japan,25.0,17.6,30.3,14,1093.0,47.5,2.7,1378540228
2011,Japan,8.8,5.3,22.3,6,1880.0,14.7,3.3,552503699
2012,Japan,6.7,19.2,21.7,6,684.0,39.0,2.1,872248030
2012,Japan,14.4,17.3,12.2,3,1903.0,13.8,4.6,961408872
2014,Japan,18.9,10.7,32.2,9,2852.0,27.9,4.8,214294469
2014,Japan,25.1,16.7,26.6,3,1711.0,47.0,4.9,1146020851
2014,Japan,16.9,3.0,29.7,13,1152.0,25.8,4.2,1048951853
2014,Japan,31.9,14.9,16.5,9,992.0,46.9,2.3,1382916110
2015,Japan,12.3,5.1,10.7,12,2235.0,27.9,4.3,421082224
2015,Japan,34.1,19.1,38.8,12,1483.0,47.7,1.1,220754183
2016,Japan,6.0,19.5,11.7,13,1424.0,39.5,4.8,274995524
2016,Japan,23.4,19.0,29.3,11,1821.0,26.5,3.3,43209016
2016,Japan,8.1,11.2,26.0,14,2524.0,69.0,1.1,1144515609
2016,Japan,34.4,19.6,23.5,10,540.0,11.2,4.1,902591144
2017,Japan,22.9,11.3,42.6,2,2464.0,11.0,3.8,1335375745
2017,Japan,9.0,15.3,7.9,3,2712.0,63.8,1.9,831550186
2017,Japan,5.9,5.4,35.7,12,2833.0,54.6,2.5,606960201
2017,Japan,28.6,6.6,25.4,11,2716.0,16.5,4.6,1039025430
2017,Japan,29.8,1.9,39.4,8,1073.0,28.3,1.6,1385374585
2018,Japan,20.7,11.1,9.0,13,1659.0,25.3,3.6,465764328
2018,Japan,32.8,12.6,28.2,14,2995.0,66.1,3.5,1274619263
2018,Japan,28.4,9.9,46.4,0,1203.0,57.2,3.5,471260143
2018,Japan,5.7,18.3,41.8,1,1485.0,44.3,1.7,604216448
2018,Japan,34.0,7.2,19.3,13,2653.0,64.2,2.2,704210527
2019,Japan,15.5,6.9,28.1,4,2053.0,33.0,4.2,693961526
2019,Japan,21.3,11.9,28.6,14,865.0,69.2,3.5,912478829
2020,Japan,29.4,9.5,37.1,4,925.0,13.4,2.5,733726265
2020,Japan,9.1,15.3,41.3,11,1481.0,37.4,4.4,399126588
2021,Japan,23.8,19.5,34.9,0,1597.0,46.2,1.9,428766962
2021,Japan,31.3,2.0,22.5,1,883.0,21.1,3.5,606697131
2021,Japan,16.1,3.6,25.7,7,991.0,29.9,4.3,5467801
2021,Japan,10.1,5.0,34.8,12,1712.0,41.6,3.4,847894451
2022,Japan,31.9,9.5,46.3,5,1412.0,49.2,5.0,433898990
2022,Japan,10.4,4.8,21.8,6,2127.0,25.9,1.1,1360173043
2022,Japan,29.8,19.9,34.9,11,2210.0,28.6,1.3,968059240
2022,Japan,7.1,16.3,20.9,1,1049.0,69.5,3.2,521147693
2022,Japan,8.7,3.9,16.3,4,2766.0,17.8,2.3,734430197
2023,Japan,21.9,4.9,19.0,11,2135.0,49.7,3.2,760660662
2023,Japan,27.7,4.7,18.9,1,1286.0,53.6,1.1,1368121693
2000,Mexico,8.2,5.5,29.2,9,1579.0,30.7,1.4,475061537
2000,Mexico,25.6,3.3,11.5,13,2370.0,63.6,1.0,563852853
2001,Mexico,7.9,8.0,8.9,3,2925.0,26.6,4.0,1326300382
2001,Mexico,15.2,6.2,19.3,14,1878.0,13.3,3.0,162233683
2001,Mexico,10.1,11.2,21.5,0,2077.0,17.9,1.4,131368589
2001,Mexico,17.9,14.9,25.2,8,1388.0,64.6,2.1,207497580
2001,Mexico,18.6,8.0,43.6,9,1677.0,68.9,1.5,791167156
2002,Mexico,11.7,4.6,48.3,3,2895.0,62.5,2.2,202831247
2003,Mexico,24.7,7.4,31.7,9,1365.0,28.0,4.1,106846880
2003,Mexico,5.1,18.0,46.2,12,1110.0,63.3,2.8,237659268
2003,Mexico,31.4,8.5,5.2,0,2222.0,18.0,2.2,562074315
2004,Mexico,34.2,9.7,11.0,7,1096.0,40.0,2.6,1177772833
2005,Mexico,7.2,5.2,33.3,8,1692.0,30.0,1.1,1128035409
2006,Mexico,34.5,3.7,12.3,7,1420.0,27.0,4.1,1017231293
2006,Mexico,6.6,3.1,32.6,4,1862.0,59.8,1.1,1308776395
2007,Mexico,8.6,4.1,21.5,2,880.0,43.6,1.9,1275080026
2008,Mexico,25.1,4.6,7.8,5,2894.0,53.1,2.4,237078466
2009,Mexico,25.5,2.5,30.0,5,2723.0,66.3,3.6,144553139
2010,Mexico,8.3,9.8,39.9,0,873.0,18.7,1.9,1280296355
2010,Mexico,33.8,4.0,43.5,9,2561.0,57.4,1.6,1185883781
2010,Mexico,31.0,16.6,48.9,8,1532.0,40.8,2.9,1388289771
2011,Mexico,11.1,16.8,8.2,5,1099.0,33.4,2.7,250843348
2011,Mexico,23.3,2.3,25.7,0,2976.0,58.3,1.4,877150174
2011,Mexico,6.1,18.4,6.3,11,1217.0,38.4,3.5,1120735671
2011,Mexico,29.1,0.8,33.3,8,2818.0,36.2,4.5,955410877
2011,Mexico,17.4,15.6,27.4,5,2451.0,29.4,1.5,1333450369
2012,Mexico,8.2,16.9,13.6,2,2708.0,51.2,3.2,324319642
2012,Mexico,26.8,12.1,42.1,7,1223.0,33.4,4.4,76892270
2013,Mexico,22.1,5.7,24.9,10,1006.0,47.6,1.5,157599009
2013,Mexico,17.7,3.5,37.5,14,2656.0,62.9,1.8,664661890
2014,Mexico,33.6,15.8,31.4,4,1184.0,54.3,3.9,22094509
2014,Mexico,28.0,16.2,41.2,2,2203.0,53.8,2.1,590386085
2014,Mexico,20.8,17.5,15.7,11,1398.0,63.1,4.6,936223565
2015,Mexico,18.5,10.2,38.4,10,1840.0,53.9,1.4,672570272
2015,Mexico,8.4,14.1,43.7,0,1194.0,69.5,4.1,627755536
2016,Mexico,10.4,18.5,28.3,2,528.0,56.3,1.1,935911975
2016,Mexico,18.4,16.2,40.6,0,1165.0,44.9,3.9,1270499456
2017,Mexico,9.5,3.8,48.2,1,1577.0,63.7,3.4,1216476753
2017,Mexico,31.9,14.8,45.8,0,1812.0,43.4,2.2,1095137353
2017,Mexico,25.7,3.5,35.2,9,1017.0,12.0,2.8,761831829
2017,Mexico,25.6,3.3,32.7,10,2831.0,64.8,2.1,1357107613
2018,Mexico,15.9,7.2,8.7,0,2817.0,12.1,2.8,461954875
2018,Mexico,27.8,11.3,33.6,11,1672.0,55.5,2.5,199412389
2019,Mexico,28.6,2.5,29.9,10,1911.0,60.4,3.8,1121338990
2019,Mexico,6.9,2.7,34.3,11,2794.0,27.9,4.7,782955174
2019,Mexico,29.2,8.4,30.1,9,1769.0,64.2,3.7,1166786685
2020,Mexico,20.2,15.4,14.3,12,1478.0,47.9,2.2,30190953
2021,Mexico,29.5,6.0,5.8,13,1875.0,55.9,1.4,153653744
2021,Mexico,31.5,8.4,42.2,14,914.0,35.9,3.3,1082464871
2021,Mexico,34.3,2.3,43.9,7,651.0,22.3,3.4,1001208309
2021,Mexico,34.2,19.8,9.0,10,2251.0,39.9,4.6,749585197
2022,Mexico,22.4,18.9,7.3,2,844.0,32.6,2.0,722568466
2022,Mexico,34.0,6.8,26.8,6,2991.0,17.6,3.0,1229940655
2023,Mexico,28.5,10.9,27.5,0,2963.0,35.7,3.7,880619657
2023,Mexico,11.5,8.6,8.8,3,582.0,13.2,1.8,866432043
2000,Russia,6.9,4.0,32.3,5,560.0,26.9,4.8,1051785465
2000,Russia,15.1,15.8,37.6,1,1138.0,52.4,5.0,242436875
2001,Russia,19.4,3.0,49.1,7,839.0,66.5,3.0,1035525610
2001,Russia,33.9,12.6,6.7,9,1707.0,21.0,4.8,877308425
2002,Russia,26.4,6.9,36.9,1,2393.0,53.0,2.1,29715260
2002,Russia,32.6,3.4,36.5,2,1891.0,54.1,1.2,367347075
2002,Russia,24.3,7.6,16.6,4,994.0,67.7,3.0,12811984
2002,Russia,24.6,1.1,27.2,14,2800.0,12.8,2.7,216501490
2002,Russia,21.2,8.8,19.4,14,2606.0,49.6,4.0,542400855
2002,Russia,17.4,16.6,47.7,4,1301.0,27.5,1.6,583661545
2002,Russia,23.1,5.7,13.4,2,1484.0,29.7,4.7,246218329
2002,Russia,27.2,3.6,28.5,2,1729.0,34.9,4.8,1117841407
2003,Russia,19.5,17.9,15.5,10,743.0,38.1,3.1,507687964
2003,Russia,7.9,2.0,23.3,12,2271.0,62.0,4.3,885787660
2003,Russia,21.3,11.5,16.3,8,995.0,51.7,4.9,1095475598
2004,Russia,30.6,2.9,12.0,8,1250.0,24.9,3.1,355055964
2004,Russia,33.4,2.8,45.2,5,2679.0,51.0,2.5,1084717946
2005,Russia,22.3,1.1,39.5,12,2660.0,34.3,2.0,484197278
2005,Russia,8.8,2.1,47.1,14,555.0,43.1,3.6,1344684674
2006,Russia,18.5,7.1,11.4,7,1935.0,29.5,1.4,759565231
2006,Russia,24.8,4.0,15.8,14,2222.0,33.9,3.3,1307076526
2006,Russia,29.7,8.3,42.2,0,1229.0,17.8,2.8,788798529
2007,Russia,14.9,6.3,46.7,2,2807.0,55.6,3.2,1364174738
2007,Russia,23.1,2.8,14.5,6,2054.0,51.7,3.1,61974096
2007,Russia,25.4,10.8,12.6,11,1582.0,54.9,4.4,1038917176
2007,Russia,24.9,12.4,39.7,12,1450.0,66.5,4.3,1397016073
2007,Russia,32.7,17.6,38.3,14,1098.0,59.6,4.0,414805054
2008,Russia,34.2,13.0,39.3,11,847.0,14.8,4.5,1031018863
2008,Russia,15.0,17.5,9.9,8,2769.0,27.4,3.6,1046546091
2008,Russia,12.6,0.6,47.0,14,678.0,67.5,3.8,1184550275
2008,Russia,22.9,10.1,29.5,2,866.0,60.4,1.9,268168851
2008,Russia,30.0,16.3,16.1,11,1723.0,10.9,2.2,1362092917
2008,Russia,16.7,7.8,16.1,3,1030.0,38.1,2.0,725773318
2009,Russia,24.6,13.2,8.7,12,1689.0,34.6,4.6,925981847
2009,Russia,27.5,12.4,19.9,14,1058.0,65.9,1.1,1142110790
2010,Russia,28.2,8.3,6.0,3,1764.0,13.3,4.9,147628865
2010,Russia,11.5,14.0,27.3,1,1796.0,18.0,3.4,620506174
2011,Russia,23.2,1.8,11.5,5,2157.0,31.8,4.7,1034642225
2011,Russia,11.9,10.9,44.3,11,1910.0,59.6,2.6,874974281
2011,Russia,8.7,1.8,41.1,5,584.0,61.0,2.5,117422206
2011,Russia,15.1,6.2,20.2,12,2829.0,38.6,4.3,798368160
2012,Russia,17.4,8.1,41.5,2,2806.0,22.8,4.3,1085609772
2013,Russia,9.3,9.4,33.2,4,2796.0,10.4,4.2,27559312
2013,Russia,5.3,11.3,28.0,10,2490.0,18.7,4.2,892723644
2013,Russia,28.2,8.9,41.3,6,2621.0,34.2,2.4,333480086
2013,Russia,16.2,12.7,10.9,14,1228.0,58.6,1.8,197145427
2014,Russia,9.4,9.7,24.0,5,1446.0,51.4,4.5,513004938
2015,Russia,23.4,8.2,37.3,9,1001.0,41.6,1.2,74913944
2015,Russia,32.9,16.0,36.6,8,1866.0,11.2,1.7,170058004
2015,Russia,24.4,17.7,40.5,2,2891.0,20.6,4.0,829537443
2015,Russia,8.5,12.9,44.0,4,1287.0,65.4,2.5,48647611
2015,Russia,19.9,8.0,30.3,1,2140.0,15.1,4.7,1139652750
2015,Russia,22.0,13.6,39.2,6,1107.0,24.4,2.0,61229895
2016,Russia,23.5,13.7,23.3,8,1058.0,60.5,2.7,1073643084
2016,Russia,25.6,3.4,41.2,10,1403.0,37.5,2.2,603930696
2016,Russia,17.1,4.2,35.0,14,843.0,16.5,2.8,1241932098
2017,Russia,33.1,5.9,27.2,6,1783.0,13.3,1.3,562654674
2017,Russia,11.2,8.6,23.3,10,2060.0,12.0,3.6,1303319060
2018,Russia,24.4,2.5,44.4,7,1312.0,26.0,1.0,1197982965
2018,Russia,15.4,4.1,29.5,11,1437.0,55.0,4.1,889870619
2019,Russia,19.2,16.9,18.6,9,2890.0,60.7,4.1,1112504950
2019,Russia,5.5,9.0,44.7,2,2015.0,17.5,4.7,12631400
2020,Russia,18.6,5.7,49.8,2,1792.0,19.2,3.7,11186886
2020,Russia,23.5,4.8,25.3,3,926.0,43.3,4.8,863711591
2020,Russia,22.0,1.2,20.2,2,2134.0,40.0,4.4,1128364538
2020,Russia,29.9,5.0,24.8,2,2407.0,12.2,3.1,536210430
2020,Russia,17.7,15.7,35.8,9,1524.0,16.8,5.0,655879251
2020,Russia,30.4,10.6,8.8,12,1875.0,49.6,2.7,521663999
2020,Russia,12.7,3.9,38.6,12,1234.0,44.0,1.0,278429462
2021,Russia,25.5,18.5,17.9,12,942.0,60.2,4.9,1252394217
2022,Russia,16.2,16.4,21.6,12,671.0,20.2,2.1,501887577
2022,Russia,9.3,19.4,9.1,3,2874.0,59.3,3.3,981675241
2022,Russia,12.6,13.6,27.7,12,2550.0,38.7,3.2,829586067
2023,Russia,30.9,11.4,27.6,13,979.0,60.2,3.3,1012843726
2000,South Africa,31.5,10.5,29.2,1,1949.0,56.2,2.7,578915635
2000,South Africa,14.9,19.0,18.7,14,2499.0,56.3,1.3,131635220
2000,South Africa,30.4,12.2,36.9,0,1498.0,30.8,4.5,755505933
2000,South Africa,24.0,14.3,17.5,6,2762.0,17.1,1.7,313096322
2000,South Africa,34.8,8.6,10.2,2,2236.0,11.1,1.9,824102127
2000,South Africa,15.3,15.4,35.9,8,1987.0,25.6,4.6,1106864831
2000,South Africa,31.9,17.9,29.5,12,2398.0,30.5,4.1,64497807
2001,South Africa,34.3,9.7,27.0,13,1241.0,51.3,2.9,1356204695
2001,South Africa,24.2,2.4,12.1,10,1277.0,27.5,1.3,614224337
2001,South Africa,5.0,4.0,44.1,9,716.0,34.3,2.4,779600765
2001,South Africa,23.4,1.9,45.8,7,2776.0,21.9,3.6,936138519
2002,South Africa,33.8,6.8,8.5,4,2381.0,62.1,4.0,351991271
2002,South Africa,27.8,4.4,48.5,12,2369.0,13.6,2.1,169324386
2003,South Africa,29.2,2.0,17.9,13,2141.0,69.2,1.5,1159052094
2003,South Africa,10.1,12.8,26.7,9,863.0,14.7,1.4,330834956
2003,South Africa,30.2,8.5,28.7,3,1604.0,33.9,2.9,1168018187
2004,South Africa,21.9,15.2,18.8,10,647.0,46.2,3.4,948953337
2004,South Africa,30.9,8.6,6.7,7,1466.0,66.7,4.8,999167792
2004,South Africa,21.5,10.6,20.2,0,1227.0,49.1,3.0,756443018
2004,South Africa,22.3,4.4,23.4,4,679.0,57.8,4.2,289985187
2006,South Africa,12.0,10.8,11.7,9,2681.0,67.7,4.1,165768267
2006,South Africa,6.1,16.7,38.4,9,2794.0,12.3,4.0,298662647
2007,South Africa,17.1,10.8,21.2,7,1598.0,62.9,1.2,1245372198
2008,South Africa,8.2,0.8,30.1,6,1061.0,68.3,4.2,748997300
2009,South Africa,17.0,14.6,11.1,9,1558.0,44.0,1.5,1002416208
2009,South Africa,17.7,11.5,11.9,10,2834.0,58.9,1.2,125314911
2009,South Africa,33.1,11.7,11.4,7,643.0,65.8,2.2,329758237
2010,South Africa,9.9,9.8,10.8,10,2137.0,31.0,2.5,1289186948
2010,South Africa,15.6,13.1,13.7,7,1712.0,27.4,3.6,1026431056
2011,South Africa,21.0,17.0,25.7,5,928.0,60.8,4.2,1140524807
2011,South Africa,10.3,4.5,26.0,5,2568.0,34.1,2.2,1119101202
2011,South Africa,21.7,3.4,26.8,0,1394.0,36.8,1.2,717982156
2012,South Africa,18.5,1.4,5.8,14,643.0,43.0,3.9,575218436
2012,South Africa,26.6,9.6,10.4,7,698.0,18.8,4.1,60938189
2012,South Africa,10.3,1.5,27.6,5,2655.0,54.3,2.7,1093034759
2012,South Africa,18.2,18.8,30.0,3,2885.0,53.9,5.0,90703756
2012,South Africa,29.6,16.5,22.1,8,986.0,16.1,1.5,1381708532
2013,South Africa,20.7,11.2,24.1,4,969.0,37.3,1.4,1383289354
2013,South Africa,32.1,8.9,8.5,4,1047.0,51.1,1.8,110285989
2013,South Africa,7.8,11.1,16.4,9,591.0,63.9,1.5,760436315
2014,South Africa,5.0,1.1,33.4,13,2554.0,25.8,3.8,227838160
2014,South Africa,20.4,3.2,15.8,5,2065.0,45.0,4.4,942604659
2014,South Africa,13.5,16.5,5.3,6,1343.0,14.9,4.8,758625247
2014,South Africa,33.4,19.8,23.3,13,2560.0,62.2,2.8,1064093028
2014,South Africa,23.4,10.5,41.1,5,1569.0,35.4,4.2,560722005
2014,South Africa,8.9,8.0,15.4,0,897.0,24.8,1.3,46184187
2015,South Africa,31.1,13.8,20.0,13,2531.0,28.8,4.5,358440341
2015,South Africa,23.9,10.5,12.6,1,2315.0,62.9,4.0,975428867
2015,South Africa,33.0,5.2,20.8,1,2744.0,69.4,1.8,514381167
2015,South Africa,7.9,3.3,45.3,13,616.0,13.4,3.1,1113296994
2016,South Africa,13.9,1.2,15.7,13,1403.0,60.4,4.3,478389387
2016,South Africa,12.2,11.3,38.3,4,1618.0,36.2,1.2,663913018
2016,South Africa,32.9,18.0,12.4,9,2771.0,55.5,2.6,976037143
2016,South Africa,27.0,2.9,48.5,7,564.0,42.0,2.1,1045450055
2016,South Africa,9.7,3.7,10.3,0,1703.0,43.7,1.7,542638938
2017,South Africa,11.3,0.6,41.6,3,1005.0,40.3,3.0,941922654
2017,South Africa,31.9,16.3,14.0,5,2857.0,30.7,2.4,1323666625
2018,South Africa,33.9,6.0,17.7,1,827.0,56.6,4.5,83947380
2019,South Africa,26.8,2.8,21.7,8,1965.0,63.7,1.3,689862289
2020,South Africa,26.7,13.7,11.5,7,772.0,21.0,1.9,491644777
2020,South Africa,17.0,15.3,40.6,1,1221.0,50.9,2.9,148881368
2020,South Africa,25.1,10.8,17.1,7,793.0,56.7,4.9,1142896221
2020,South Africa,13.0,10.2,36.9,6,2548.0,39.6,2.9,805165392
2020,South Africa,10.0,2.7,17.6,5,642.0,59.8,2.6,121780956
2021,South Africa,12.7,4.2,7.5,10,2021.0,51.7,3.7,1112155060
2021,South Africa,21.7,4.7,38.5,5,2654.0,16.7,2.9,845679328
2021,South Africa,7.8,12.5,15.5,9,2997.0,51.3,2.6,306103394
2022,South Africa,32.8,9.4,27.1,14,2779.0,23.9,2.8,934565900
2022,South Africa,34.4,9.0,37.1,14,501.0,32.4,3.8,455208813
2022,South Africa,6.7,15.8,31.0,1,937.0,16.8,1.5,1088137161
2022,South Africa,15.8,16.2,44.7,11,2640.0,17.5,3.0,655042381
2023,South Africa,14.6,14.7,31.1,14,875.0,19.7,1.5,1311714067
2023,South Africa,24.6,15.3,46.4,4,1646.0,44.3,3.9,583534992
2000,UK,22.9,13.7,33.4,12,1255.0,41.2,4.7,1366969728
2000,UK,17.1,13.4,16.0,11,754.0,69.8,2.0,343373633
2000,UK,16.4,15.9,42.0,2,932.0,57.4,4.3,925086342
2000,UK,22.4,9.2,29.6,5,950.0,61.3,2.6,1101337256
2000,UK,30.9,11.1,31.7,11,2559.0,23.4,4.5,1270851030
2000,UK,20.5,11.8,26.0,6,812.0,66.1,4.1,39478806
2000,UK,33.5,2.8,31.4,13,1539.0,61.0,4.1,949007159
2000,UK,21.8,10.0,14.9,14,1273.0,30.1,2.2,876123161
2001,UK,7.4,16.1,34.2,8,1192.0,29.2,1.6,838168075
2001,UK,25.6,16.8,27.6,3,674.0,46.2,1.0,183851069
2001,UK,7.1,15.4,10.7,12,2063.0,63.6,3.2,901531557
2001,UK,24.5,4.7,49.5,5,1130.0,66.7,4.2,31249071
2002,UK,24.0,14.5,11.4,10,796.0,57.7,3.6,305315340
2002,UK,15.6,17.2,17.5,11,2224.0,53.7,1.6,1274221100
2003,UK,7.1,12.1,12.0,10,844.0,20.8,3.4,727544812
2003,UK,10.9,6.9,20.8,11,1142.0,25.0,2.9,450513176
2004,UK,13.3,8.0,47.8,1,2763.0,36.2,3.4,1230785104
2004,UK,16.7,1.6,37.5,2,1361.0,11.6,2.2,367224757
2004,UK,16.2,14.3,8.4,8,1396.0,24.5,1.6,331580116
2005,UK,30.7,2.4,14.0,0,1380.0,25.2,2.1,38697835
2005,UK,10.6,14.2,21.9,3,1162.0,11.9,4.1,1125808525
2005,UK,16.8,13.7,44.1,11,2579.0,16.9,4.2,339256508
2006,UK,8.9,9.3,20.4,14,1441.0,59.8,3.1,530911230
2006,UK,12.8,19.5,5.9,13,1962.0,34.6,1.2,444312143
2006,UK,13.1,11.5,24.4,1,2206.0,27.9,2.8,1041665235
2006,UK,30.7,7.4,46.8,7,1859.0,49.6,4.4,161097813
2007,UK,13.7,3.1,43.1,0,1678.0,69.9,3.7,934132667
2007,UK,10.4,16.5,43.5,10,1073.0,16.1,1.5,1221935909
2009,UK,18.9,16.9,30.2,7,1401.0,33.2,2.6,809451155
2009,UK,11.8,11.3,11.2,6,928.0,58.3,2.7,716127278
2010,UK,19.3,10.5,22.8,7,891.0,49.8,4.3,1297221349
2011,UK,13.8,5.4,40.8,11,2663.0,51.6,2.3,158680885
2011,UK,18.2,8.1,33.0,10,2369.0,56.5,3.5,204257967
2011,UK,19.6,0.5,27.7,9,1256.0,59.6,3.3,167459760
2011,UK,26.2,8.6,17.9,9,713.0,20.6,4.1,1287012541
2012,UK,21.6,1.1,29.0,14,2469.0,60.6,2.4,730110223
2012,UK,9.2,12.8,39.0,0,2543.0,68.9,1.5,910306304
2014,UK,7.1,17.1,23.0,1,1658.0,46.2,1.3,636476204
2014,UK,25.3,12.9,28.0,8,1598.0,15.5,2.7,772826167
2014,UK,5.0,17.0,21.8,13,1533.0,41.2,1.9,1211235150
2014,UK,29.6,15.9,47.5,0,1799.0,39.7,2.2,1362964625
2015,UK,7.3,15.1,40.7,7,1034.0,11.2,2.9,628479992
2016,UK,28.3,18.2,32.7,10,770.0,63.0,1.9,1102449044
2016,UK,29.6,11.5,31.7,4,1748.0,18.7,3.9,1238813576
2016,UK,22.5,19.6,38.5,3,2311.0,56.6,3.9,1290081090
2016,UK,11.3,10.5,24.2,2,1055.0,29.7,1.2,824678707
2017,UK,6.3,11.0,23.8,13,886.0,35.0,4.8,1193832295
2018,UK,22.9,17.4,23.8,5,865.0,19.8,3.0,531510898
2018,UK,24.5,18.3,14.5,9,1246.0,56.7,4.1,78354231
2018,UK,22.4,12.0,45.4,12,1709.0,40.4,4.1,1156608764
2018,UK,29.8,15.8,27.8,12,633.0,50.6,1.3,32581057
2019,UK,17.2,16.3,7.0,13,1269.0,66.0,3.1,898807235
2019,UK,8.7,19.6,12.8,4,2402.0,21.7,4.4,1215468402
2019,UK,23.0,16.4,39.1,0,919.0,32.3,3.6,20916998
2019,UK,31.2,16.3,7.5,9,1537.0,65.8,2.7,1313095544
2020,UK,7.8,12.1,47.0,11,1541.0,16.1,4.9,31063151
2021,UK,27.6,13.7,20.8,6,2387.0,65.3,4.0,1363325194
2021,UK,17.1,20.0,41.0,14,2022.0,52.7,5.0,284705392
2021,UK,6.1,16.4,7.2,12,2960.0,69.1,1.9,540662250
2021,UK,12.3,12.9,47.2,11,1706.0,49.0,1.1,337303115
2022,UK,27.8,16.6,8.2,4,1966.0,43.4,1.5,980305187
2022,UK,7.5,19.2,44.7,13,1045.0,31.1,3.3,1387457528
2022,UK,22.9,13.6,41.4,11,1652.0,16.7,1.1,194197411
2023,UK,33.5,9.1,14.3,10,534.0,53.8,4.2,828538833
2023,UK,27.1,19.5,35.1,2,2472.0,52.9,1.3,1018161882
2000,USA,9.9,3.7,9.5,7,2067.0,64.7,2.5,739358801
2000,USA,28.0,17.8,38.0,8,518.0,30.2,3.4,161376204
2000,USA,11.9,18.8,47.0,6,2681.0,48.7,2.0,297043004
2000,USA,12.1,9.3,45.0,14,2051.0,14.2,1.9,1380798693
2000,USA,15.3,15.6,20.6,10,1496.0,36.1,3.6,884137537
2001,USA,24.5,19.4,47.7,10,2041.0,60.9,3.6,214534006
2002,USA,5.9,3.5,23.5,9,2493.0,61.2,3.9,1167300328
2002,USA,17.0,0.5,7.3,14,1184.0,21.4,3.5,84528761
2002,USA,13.3,1.9,40.6,5,2132.0,30.3,2.2,927083911
2003,USA,27.4,1.8,27.4,10,766.0,14.6,2.2,798905927
2003,USA,12.4,0.6,14.2,11,2780.0,44.6,3.5,866033515
2003,USA,19.4,12.8,47.5,3,2134.0,55.4,1.2,536356608
2003,USA,9.5,5.0,5.3,0,2254.0,53.9,1.5,786397155
2003,USA,11.8,14.4,30.6,10,2090.0,29.9,2.3,1373223501
2003,USA,15.2,14.2,15.8,4,2821.0,11.2,2.2,788823352
2004,USA,29.3,17.3,13.4,13,1870.0,44.2,3.2,1377931241
2004,USA,28.5,8.2,49.6,7,851.0,15.7,2.0,1001119882
2004,USA,8.2,14.4,42.7,3,2631.0,57.1,1.6,1105460942
2005,USA,27.1,12.0,17.9,13,622.0,17.7,2.5,1152039496
2006,USA,14.8,9.6,38.1,11,2914.0,60.5,3.7,772375173
2006,USA,28.5,1.4,29.4,10,2158.0,61.6,2.5,411773643
2006,USA,23.9,19.0,34.0,9,1835.0,36.1,1.4,1146873886
2006,USA,32.0,17.2,44.3,5,578.0,63.3,3.8,1109563889
2006,USA,23.5,19.8,7.6,12,2853.0,70.0,2.1,629814899
2007,USA,27.5,5.8,5.3,14,2539.0,11.1,2.9,330887513
2007,USA,16.8,6.3,7.4,1,1062.0,41.6,4.1,41988408
2007,USA,16.2,13.9,9.6,8,1681.0,20.5,4.3,1078493355
2008,USA,19.5,17.7,20.1,0,1419.0,35.9,2.5,1140062010
2009,USA,16.5,10.9,42.1,2,2064.0,25.0,3.2,1293640510
2009,USA,5.5,6.4,13.9,2,2026.0,44.9,4.3,474288233
2009,USA,14.6,8.9,42.8,4,715.0,29.4,4.6,643338166
2009,USA,5.9,15.8,8.4,2,1663.0,20.8,1.5,703726244
2011,USA,31.3,12.9,34.6,6,728.0,13.7,2.3,310976210
2011,USA,30.3,12.7,38.7,9,1116.0,41.2,2.6,814540393
2012,USA,11.8,15.5,45.2,14,2626.0,23.8,3.8,56245653
2012,USA,19.4,15.7,23.4,10,1187.0,44.5,1.7,918159557
2012,USA,26.1,7.9,12.0,0,621.0,56.4,1.3,857993113
2013,USA,20.3,14.8,17.6,12,886.0,29.0,3.2,202353097
2014,USA,5.5,10.7,42.2,2,1015.0,50.4,3.2,560097732
2015,USA,10.6,14.9,23.5,10,2003.0,35.4,1.1,52552633
2015,USA,29.9,16.7,44.0,6,805.0,34.7,2.4,708549477
2015,USA,26.5,5.5,44.3,13,938.0,63.0,2.7,1377728769
2015,USA,16.4,17.5,8.7,6,1700.0,31.3,1.7,93560788
2015,USA,28.8,0.6,9.9,8,2382.0,27.5,2.2,204172325
2015,USA,18.7,2.1,23.1,2,1222.0,41.0,4.8,977078792
2015,USA,8.7,4.2,14.1,3,1339.0,56.6,3.9,172575234
2016,USA,34.6,5.0,34.2,13,2670.0,12.2,4.6,1041486581
2016,USA,26.9,3.8,9.6,12,2313.0,33.6,3.5,722640614
2016,USA,16.9,18.8,33.5,4,653.0,65.6,3.8,818022751
2018,USA,18.9,14.1,9.0,6,1472.0,48.0,2.7,922097331
2019,USA,31.0,4.8,49.2,8,2407.0,31.0,4.2,107364344
2019,USA,27.8,14.7,16.0,0,1637.0,21.4,4.9,648823762
2019,USA,33.6,5.7,13.8,14,1629.0,31.8,1.4,1356634360
2020,USA,21.1,11.2,16.2,0,2648.0,63.9,4.8,320264723
2020,USA,13.3,1.4,10.3,5,1418.0,33.9,1.4,1199856255
2020,USA,8.1,11.1,37.7,8,2659.0,64.7,2.2,1072790036
2020,USA,14.5,18.7,21.5,12,2673.0,51.5,4.9,515313114
2021,USA,28.9,13.3,24.4,6,617.0,16.3,1.8,1019475941
2021,USA,24.0,18.8,23.0,7,2157.0,10.8,3.4,1169884055
2022,USA,17.6,12.1,40.0,2,2800.0,46.7,2.7,787469860
2022,USA,14.7,7.8,38.9,11,2214.0,44.4,2.7,660650168
2022,USA,10.5,16.5,18.5,2,2444.0,27.9,4.9,267009905
2022,USA,13.4,7.7,12.5,8,566.0,27.3,3.7,1049605777
2022,USA,9.9,13.1,8.9,13,1489.0,27.6,1.5,688166625
2022,USA,29.3,11.4,25.5,9,2756.0,34.5,4.5,1339427830
2022,USA,25.6,10.1,18.1,9,1119.0,69.8,4.7,299488478
2023,USA,6.2,18.6,21.9,8,1806.0,12.1,4.4,487618104
2023,USA,20.0,17.9,25.6,14,2284.0,50.6,3.7,1310548957
2023,USA,23.6,11.2,22.2,4,731.0,34.7,1.6,1196150514
2023,USA,33.3,9.4,26.1,6,882.0,34.9,1.4,589637290
2023,USA,11.3,3.0,45.6,2,2456.0,24.3,2.4,420542436
2023,USA,12.6,1.1,8.9,0,1594.0,63.9,1.9,572998076
2023,USA,6.8,17.5,38.2,2,971.0,48.4,3.3,762718291
