variable,count,mean,std,min,25%,50%,75%,max,missing_values,unique_values
year,1000.0,2011.43,7.15,2000.0,2005.0,2012.0,2018.0,2023.0,0,24
avg_temperature_c,1000.0,19.88,8.54,5.0,12.18,20.1,27.22,34.9,0,292
co2_emissions_tons_capita,1000.0,10.43,5.61,0.5,5.57,10.7,15.4,20.0,0,194
sea_level_rise_mm,1000.0,3.01,1.15,1.0,2.0,3.0,4.0,5.0,0,41
rainfall_mm,1000.0,1738.76,708.98,501.0,1098.75,1726.0,2362.5,2999.0,0,799
population,1000.0,705383046.61,409390996.88,3660891.0,343624166.0,713116635.5,1073868037.25,1397016073.0,0,1000
renewable_energy_pct,1000.0,27.3,12.97,5.1,16.1,27.15,38.92,50.0,0,407
extreme_weather_events,1000.0,7.29,4.42,0.0,3.0,8.0,11.0,14.0,0,15
forest_area_pct,1000.0,40.57,17.4,10.1,25.6,41.15,55.8,70.0,0,473
